1,ADT1_YEAST,0.58,0.61,0.47,0.13,0.50,0.00,0.48,0.22,MIT,CYT,ME2
2,ADT2_YEAST,0.43,0.67,0.48,0.27,0.50,0.00,0.53,0.22,MIT,NUC,NUC
3,ADT3_YEAST,0.64,0.62,0.49,0.15,0.50,0.00,0.53,0.22,MIT,CYT,VAC
4,AAR2_YEAST,0.58,0.44,0.57,0.13,0.50,0.00,0.54,0.22,NUC,CYT,CYT
5,AATM_YEAST,0.42,0.44,0.48,0.54,0.50,0.00,0.48,0.22,MIT,MIT,MIT
6,AATC_YEAST,0.51,0.40,0.56,0.17,0.50,0.50,0.49,0.22,CYT,POX,POX
7,ABC1_YEAST,0.50,0.54,0.48,0.65,0.50,0.00,0.53,0.22,MIT,MIT,MIT
8,BAF1_YEAST,0.48,0.45,0.59,0.20,0.50,0.00,0.58,0.34,NUC,NUC,NUC
9,ABF2_YEAST,0.55,0.50,0.66,0.36,0.50,0.00,0.49,0.22,MIT,MIT,MIT
10,ABP1_YEAST,0.40,0.39,0.60,0.15,0.50,0.00,0.58,0.30,CYT,CYT,NUC
11,ACE1_YEAST,0.43,0.39,0.54,0.21,0.50,0.00,0.53,0.27,NUC,CYT,CYT
12,ACE2_YEAST,0.42,0.37,0.59,0.20,0.50,0.00,0.52,0.29,NUC,NUC,NUC
13,ACH1_YEAST,0.40,0.42,0.57,0.35,0.50,0.00,0.53,0.25,CYT,NUC,NUC
14,ACON_YEAST,0.60,0.40,0.52,0.46,0.50,0.00,0.53,0.22,MIT,CYT,CYT
15,ACR1_YEAST,0.66,0.55,0.45,0.19,0.50,0.00,0.46,0.22,MIT,CYT,ME2
16,ACT_YEAST,0.46,0.44,0.52,0.11,0.50,0.00,0.50,0.22,CYT,CYT,CYT
17,ACT2_YEAST,0.47,0.39,0.50,0.11,0.50,0.00,0.49,0.40,CYT,CYT,CYT
18,ACT3_YEAST,0.58,0.47,0.54,0.11,0.50,0.00,0.51,0.26,NUC,NUC,VAC
19,ACT5_YEAST,0.50,0.34,0.55,0.21,0.50,0.00,0.49,0.22,NUC,CYT,CYT
20,ADA2_YEAST,0.61,0.60,0.55,0.21,0.50,0.00,0.50,0.25,NUC,CYT,VAC
21,C1TC_YEAST,0.45,0.40,0.50,0.16,0.50,0.00,0.50,0.22,CYT,CYT,CYT
22,PUR4_YEAST,0.43,0.44,0.48,0.22,0.50,0.00,0.51,0.22,CYT,CYT,CYT
23,PUR3_YEAST,0.73,0.63,0.42,0.30,0.50,0.00,0.49,0.22,CYT,ME2,ME2
24,ADH1_YEAST,0.43,0.53,0.52,0.13,0.50,0.00,0.55,0.22,CYT,CYT,CYT
25,ADH2_YEAST,0.46,0.53,0.52,0.15,0.50,0.00,0.58,0.22,CYT,CYT,CYT
26,ADH3_YEAST,0.51,0.51,0.52,0.51,0.50,0.00,0.54,0.22,MIT,MIT,MIT
27,ADH4_YEAST,0.59,0.45,0.53,0.19,0.50,0.00,0.59,0.27,CYT,CYT,VAC
28,KAD1_YEAST,0.57,0.47,0.60,0.18,0.50,0.00,0.51,0.22,CYT,CYT,NUC
29,KAD2_YEAST,0.63,0.67,0.57,0.24,0.50,0.00,0.49,0.22,MIT,CYT,VAC
30,ADP1_YEAST,0.80,0.88,0.36,0.39,0.50,0.00,0.56,0.33,ME1,ME1,ME1
31,ADR1_YEAST,0.53,0.54,0.43,0.10,0.50,0.00,0.57,0.32,NUC,CYT,CYT
32,AFG3_YEAST,0.51,0.51,0.43,0.87,0.50,0.00,0.52,0.22,MIT,MIT,MIT
33,AFR1_YEAST,0.38,0.61,0.61,0.12,0.50,0.00,0.53,0.47,CYT,NUC,NUC
34,RCS1_YEAST,0.33,0.55,0.51,0.43,0.50,0.00,0.51,0.22,NUC,MIT,MIT
35,AGA1_YEAST,0.78,0.74,0.42,0.26,0.50,0.00,0.43,0.22,ME1,ME1,ME1
36,AGA2_YEAST,0.74,0.67,0.47,0.34,0.50,0.00,0.42,0.22,EXC,CYT,EXC
37,YMX1_YEAST,0.72,0.61,0.45,0.30,0.50,0.00,0.54,0.25,MIT,ME2,ME2
38,SYAC_YEAST,0.40,0.45,0.57,0.18,0.50,0.00,0.56,0.26,CYT,CYT,CYT
39,DHA1_YEAST,0.59,0.53,0.43,0.44,0.50,0.00,0.50,0.22,MIT,MIT,MIT
40,DHA2_YEAST,0.57,0.53,0.53,0.34,0.50,0.00,0.53,0.22,MIT,CYT,MIT
41,ALG1_YEAST,0.86,0.68,0.39,0.24,0.50,0.00,0.54,0.22,ME2,ME1,ME1
42,ALG5_YEAST,0.86,0.74,0.51,0.40,0.50,0.00,0.55,0.22,ME2,EXC,EXC
43,GPT_YEAST,0.79,0.57,0.41,0.28,0.50,0.00,0.59,0.22,ME2,ME2,ME2
44,ALG8_YEAST,0.41,0.54,0.39,0.20,0.50,0.00,0.51,0.22,ME3,ME3,ME3
45,MAN1_YEAST,0.37,0.36,0.56,0.18,0.50,0.00,0.48,0.26,VAC,NUC,NUC
46,ANC1_YEAST,0.53,0.31,0.58,0.39,0.50,0.00,0.47,0.37,NUC,MIT,MIT
47,ANP1_YEAST,0.74,0.75,0.58,0.47,0.50,0.00,0.40,0.35,ME2,EXC,EXC
48,APE2_YEAST,0.49,0.39,0.52,0.29,0.50,0.00,0.48,0.22,EXC,CYT,CYT
49,APE3_YEAST,0.74,0.57,0.51,0.28,0.50,0.00,0.58,0.22,VAC,MIT,ME2
50,ALP1_YEAST,0.42,0.24,0.34,0.16,0.50,0.00,0.50,0.22,ME3,ME3,ME3
51,ADB2_YEAST,0.48,0.39,0.51,0.21,0.50,0.00,0.52,0.28,CYT,CYT,CYT
52,YHB9_YEAST,0.41,0.53,0.45,0.14,0.50,0.00,0.52,0.66,ME3,NUC,NUC
53,APN1_YEAST,0.45,0.46,0.55,0.43,0.50,0.00,0.55,0.38,NUC,MIT,MIT
54,ARD1_YEAST,0.56,0.48,0.58,0.27,0.50,0.00,0.51,0.22,CYT,NUC,NUC
55,ARF1_YEAST,0.64,0.59,0.56,0.23,0.50,0.00,0.46,0.22,CYT,CYT,VAC
56,ARF2_YEAST,0.64,0.56,0.56,0.22,0.50,0.00,0.45,0.22,CYT,CYT,VAC
57,ASSY_YEAST,0.66,0.62,0.49,0.10,0.50,0.00,0.49,0.22,CYT,CYT,EXC
58,OTC_YEAST,0.53,0.44,0.51,0.33,0.50,0.00,0.55,0.22,CYT,CYT,CYT
59,ARLY_YEAST,0.38,0.49,0.53,0.19,0.50,0.00,0.50,0.22,CYT,CYT,VAC
60,AR56_YEAST,0.45,0.58,0.48,0.67,0.50,0.00,0.52,0.22,MIT,MIT,MIT
61,ARGD_YEAST,0.43,0.35,0.52,0.52,0.50,0.00,0.54,0.22,MIT,MIT,MIT
62,ARG1_YEAST,0.37,0.32,0.47,0.18,0.50,0.00,0.45,0.25,NUC,CYT,VAC
63,ARG2_YEAST,0.48,0.43,0.51,0.32,0.50,0.00,0.52,0.43,NUC,CYT,CYT
64,ARG3_YEAST,0.41,0.46,0.59,0.19,0.50,0.00,0.58,0.27,NUC,CYT,CYT
65,ARO1_YEAST,0.54,0.48,0.44,0.08,0.50,0.00,0.52,0.27,CYT,CYT,VAC
66,AROC_YEAST,0.60,0.47,0.45,0.22,0.50,0.00,0.51,0.29,CYT,CYT,VAC
67,AROF_YEAST,0.34,0.46,0.57,0.09,0.50,0.00,0.55,0.22,CYT,CYT,CYT
68,AROG_YEAST,0.48,0.54,0.55,0.12,0.50,0.00,0.51,0.22,CYT,CYT,POX
69,CHMU_YEAST,0.47,0.39,0.59,0.15,0.50,0.00,0.57,0.22,CYT,CYT,CYT
70,ASG2_YEAST,0.81,0.85,0.47,0.37,0.50,0.00,0.56,0.22,EXC,ME1,ME1
71,AST1_YEAST,0.48,0.42,0.52,0.24,0.50,0.00,0.56,0.22,CYT,CYT,POX
72,ATE1_YEAST,0.58,0.51,0.49,0.27,0.50,0.00,0.57,0.29,CYT,CYT,NUC
73,ATM1_YEAST,0.60,0.50,0.44,0.61,0.50,0.00,0.47,0.22,MIT,MIT,MIT
74,ATPA_YEAST,0.45,0.55,0.54,0.66,0.50,0.00,0.47,0.22,MIT,MIT,MIT
75,ATPY_YEAST,0.46,0.49,0.58,0.23,0.50,0.00,0.44,0.22,MIT,NUC,POX
76,ATPS_YEAST,0.49,0.42,0.56,0.55,0.50,0.00,0.42,0.25,MIT,MIT,MIT
77,ATPT_YEAST,0.63,0.53,0.54,0.40,0.50,0.00,0.50,0.22,MIT,MIT,MIT
78,ATPU_YEAST,0.50,0.54,0.53,0.54,0.50,0.00,0.51,0.27,MIT,MIT,MIT
79,ATPE_YEAST,0.63,0.57,0.59,0.40,0.50,0.00,0.38,0.22,MIT,MIT,MIT
80,ATPB_YEAST,0.43,0.57,0.51,0.49,0.50,0.00,0.48,0.22,MIT,MIT,MIT
81,ATPG_YEAST,0.48,0.45,0.55,0.50,0.50,0.00,0.53,0.22,MIT,MIT,MIT
82,ATPD_YEAST,0.50,0.58,0.46,0.46,0.50,0.00,0.46,0.22,MIT,MIT,MIT
83,ATPO_YEAST,0.51,0.54,0.60,0.57,0.50,0.00,0.58,0.22,MIT,MIT,MIT
84,ATP7_YEAST,0.54,0.52,0.63,0.37,0.50,0.00,0.46,0.22,MIT,MIT,MIT
85,ATP8_YEAST,0.67,0.62,0.40,0.43,0.50,0.83,0.50,0.22,MIT,POX,POX
86,ATR1_YEAST,0.28,0.58,0.21,0.13,0.50,0.00,0.51,0.22,ME3,ME3,ME3
87,YBR8_YEAST,0.39,0.44,0.35,0.16,0.50,0.00,0.55,0.22,ME3,ME3,ME3
88,BAR1_YEAST,0.80,0.63,0.45,0.29,0.50,0.00,0.51,0.22,EXC,ME2,EXC
89,BAS1_YEAST,0.50,0.52,0.59,0.30,0.50,0.00,0.51,0.35,NUC,NUC,POX
90,BCK1_YEAST,0.42,0.47,0.52,0.41,0.50,0.00,0.53,0.32,CYT,NUC,NUC
91,BCK2_YEAST,0.36,0.46,0.62,0.46,0.50,0.00,0.51,0.33,CYT,NUC,MIT
92,BCS1_YEAST,0.46,0.38,0.47,0.22,0.50,0.00,0.52,0.27,MIT,CYT,CYT
93,KAPR_YEAST,0.40,0.45,0.56,0.20,0.50,0.00,0.45,0.22,CYT,CYT,CYT
94,BDF1_YEAST,0.33,0.43,0.64,0.16,0.50,0.00,0.52,0.52,NUC,NUC,NUC
95,BEM1_YEAST,0.49,0.61,0.49,0.25,0.50,0.00,0.50,0.28,CYT,NUC,NUC
96,BET1_YEAST,0.38,0.50,0.37,0.26,0.50,0.00,0.43,0.22,ME3,ME3,ME3
97,BGL2_YEAST,0.69,0.70,0.52,0.36,0.50,0.00,0.46,0.22,EXC,EXC,EXC
98,CYBM_YEAST,0.61,0.72,0.39,0.33,0.50,0.00,0.58,0.22,MIT,ME3,ME1
99,YMC4_YEAST,0.78,0.75,0.40,0.28,0.50,0.00,0.53,0.22,MIT,ME1,ME1
100,BIK1_YEAST,0.64,0.57,0.57,0.27,0.50,0.00,0.37,0.22,CYT,CYT,MIT
101,BOS1_YEAST,0.36,0.58,0.35,0.24,0.50,0.00,0.44,0.22,ME3,ME3,ME3
102,BSD2_YEAST,0.36,0.43,0.39,0.12,0.50,0.00,0.49,0.22,ME3,ME3,ME3
103,BUD5_YEAST,0.47,0.52,0.50,0.40,0.50,0.00,0.41,0.22,CYT,MIT,MIT
104,CAD1_YEAST,0.48,0.23,0.57,0.27,0.50,0.00,0.48,0.47,NUC,NUC,NUC
105,CAP2_YEAST,0.47,0.39,0.55,0.24,0.50,0.00,0.47,0.22,CYT,CYT,EXC
106,CAN1_YEAST,0.44,0.59,0.36,0.16,0.50,0.00,0.52,0.22,ME3,ME3,ME3
107,CAPA_YEAST,0.42,0.35,0.54,0.18,0.50,0.00,0.56,0.22,CYT,CYT,VAC
108,CAPB_YEAST,0.30,0.56,0.55,0.18,0.50,0.00,0.50,0.22,CYT,CYT,CYT
109,ARGI_YEAST,0.65,0.65,0.52,0.16,0.50,0.00,0.60,0.22,CYT,CYT,VAC
110,OAT_YEAST,0.27,0.60,0.48,0.23,0.50,0.00,0.55,0.22,CYT,CYT,CYT
111,CACP_YEAST,0.45,0.41,0.50,0.46,0.50,0.50,0.50,0.27,POX,MIT,POX
112,CAT8_YEAST,0.44,0.52,0.41,0.23,0.50,0.00,0.51,0.22,NUC,ME3,POX
113,CBF1_YEAST,0.30,0.32,0.57,0.19,0.50,0.00,0.48,0.55,NUC,CYT,NUC
114,CB32_YEAST,0.40,0.44,0.49,0.47,0.50,0.00,0.49,0.27,NUC,MIT,MIT
115,CBF5_YEAST,0.45,0.51,0.50,0.16,0.50,0.00,0.52,1.00,NUC,NUC,NUC
116,CBP1_YEAST,0.45,0.45,0.50,0.60,0.50,0.00,0.49,0.22,MIT,MIT,MIT
117,CBP2_YEAST,0.59,0.67,0.56,0.41,0.50,0.00,0.47,0.22,MIT,MIT,EXC
118,CBP3_YEAST,0.47,0.47,0.57,0.48,0.50,0.00,0.48,0.22,MIT,MIT,MIT
119,CBP4_YEAST,0.35,0.52,0.48,0.22,0.50,0.00,0.26,0.22,MIT,NUC,EXC
120,CBP6_YEAST,0.47,0.41,0.66,0.26,0.50,0.00,0.53,0.22,MIT,CYT,POX
121,NC5R_YEAST,0.64,0.62,0.29,0.28,0.50,0.00,0.51,0.22,MIT,ME3,ME2
122,CBS1_YEAST,0.55,0.53,0.55,0.46,0.50,0.00,0.52,0.22,MIT,MIT,MIT
123,CBS2_YEAST,0.67,0.62,0.54,0.43,0.50,0.00,0.53,0.22,MIT,MIT,EXC
124,TNT_YEAST,0.59,0.60,0.49,0.43,0.50,0.00,0.53,0.31,MIT,MIT,MIT
125,ATU1_YEAST,0.54,0.55,0.34,0.31,0.50,0.00,0.54,0.22,ME3,ME3,ME3
126,CCE1_YEAST,0.58,0.62,0.54,0.17,0.50,0.00,0.48,0.22,MIT,CYT,MIT
127,CCL1_YEAST,0.40,0.38,0.53,0.16,0.50,0.00,0.52,0.27,NUC,CYT,VAC
128,CCPR_YEAST,0.46,0.71,0.48,0.53,0.50,0.00,0.53,0.22,MIT,MIT,MIT
129,CCR4_YEAST,0.53,0.51,0.55,0.05,0.50,0.00,0.45,0.25,NUC,NUC,POX
130,CTPT_YEAST,0.41,0.40,0.59,0.47,0.50,0.00,0.48,0.43,CYT,NUC,NUC
131,CC10_YEAST,0.50,0.64,0.57,0.15,0.50,0.00,0.47,0.22,CYT,MIT,VAC
132,CC11_YEAST,0.40,0.62,0.52,0.31,0.50,0.00,0.49,0.31,CYT,NUC,NUC
133,CC12_YEAST,0.60,0.50,0.57,0.25,0.50,0.00,0.41,0.26,CYT,CYT,CYT
134,CC16_YEAST,0.62,0.51,0.52,0.42,0.50,0.00,0.54,0.27,NUC,MIT,MIT
135,CC23_YEAST,0.35,0.58,0.54,0.16,0.50,0.00,0.51,0.22,NUC,CYT,VAC
136,CC24_YEAST,0.34,0.54,0.50,0.21,0.50,0.00,0.54,0.31,CYT,CYT,CYT
137,CC25_YEAST,0.39,0.58,0.50,0.26,0.50,0.00,0.54,0.59,ME3,NUC,NUC
138,CC27_YEAST,0.48,0.54,0.50,0.17,0.50,0.00,0.53,0.22,NUC,CYT,CYT
139,CDC3_YEAST,0.29,0.32,0.58,0.15,0.50,0.00,0.50,0.30,CYT,NUC,NUC
140,CC31_YEAST,0.47,0.32,0.64,0.30,0.50,0.00,0.63,0.22,NUC,CYT,POX
141,IF4E_YEAST,0.39,0.47,0.56,0.16,0.50,0.00,0.47,0.22,CYT,CYT,CYT
142,UBC3_YEAST,0.58,0.48,0.51,0.47,0.50,0.00,0.55,0.22,NUC,MIT,MIT
143,NOT2_YEAST,0.64,0.60,0.57,0.19,0.50,0.00,0.43,0.22,NUC,CYT,VAC
144,NOT1_YEAST,0.37,0.46,0.40,0.27,0.50,0.00,0.45,0.22,NUC,ME3,ME3
145,CC4_YEAST,0.43,0.57,0.53,0.16,0.50,0.00,0.54,0.22,CYT,CYT,CYT
146,CC40_YEAST,0.28,0.37,0.61,0.09,0.50,0.00,0.52,0.55,NUC,NUC,NUC
147,CC42_YEAST,0.59,0.48,0.50,0.14,0.50,0.00,0.45,0.25,CYT,CYT,CYT
148,CAL1_YEAST,0.39,0.55,0.48,0.31,0.50,0.00,0.54,0.29,CYT,CYT,CYT
149,RFC1_YEAST,0.26,0.36,0.47,0.34,0.50,0.00,0.53,0.72,NUC,NUC,NUC
150,CC46_YEAST,0.51,0.34,0.50,0.19,0.50,0.00,0.50,0.22,NUC,CYT,CYT
151,YB52_YEAST,0.58,0.50,0.50,0.12,0.50,0.00,0.48,0.25,NUC,NUC,POX
152,CC48_YEAST,0.44,0.39,0.53,0.14,0.50,0.00,0.54,0.44,CYT,NUC,NUC
153,CC6_YEAST,0.41,0.39,0.44,0.34,0.50,0.00,0.48,0.40,NUC,NUC,NUC
154,SYLC_YEAST,0.45,0.43,0.51,0.24,0.50,0.00,0.54,0.33,CYT,CYT,CYT
155,CC68_YEAST,0.36,0.68,0.46,0.16,0.50,0.00,0.53,0.28,NUC,CYT,VAC
156,CC7_YEAST,0.42,0.31,0.50,0.15,0.50,0.00,0.53,0.22,NUC,NUC,VAC
157,KTHY_YEAST,0.42,0.43,0.56,0.10,0.50,0.00,0.49,0.22,CYT,NUC,NUC
158,DNLI_YEAST,0.67,0.71,0.52,0.65,0.50,0.00,0.53,0.36,NUC,MIT,MIT
159,MCE1_YEAST,0.49,0.47,0.53,0.16,0.50,0.00,0.48,0.27,NUC,CYT,POX
160,CEM1_YEAST,0.71,0.59,0.48,0.43,0.50,0.00,0.59,0.22,MIT,MIT,VAC
161,RLUB_YEAST,0.40,0.42,0.71,0.21,0.50,0.00,0.54,0.32,CYT,CYT,CYT
162,RLUB_YEAST,0.40,0.42,0.71,0.21,0.50,0.00,0.54,0.32,CYT,CYT,CYT
163,CLH_YEAST,0.54,0.49,0.49,0.20,0.50,0.00,0.52,0.22,CYT,NUC,VAC
164,CHL1_YEAST,0.42,0.51,0.50,0.12,0.50,0.00,0.52,0.46,NUC,NUC,NUC
165,CHL4_YEAST,0.57,0.51,0.53,0.18,0.50,0.00,0.56,0.25,NUC,CYT,CYT
166,PSS_YEAST,0.35,0.45,0.43,0.11,0.50,0.00,0.56,0.22,ME3,ME3,ME3
167,PEM1_YEAST,0.42,0.42,0.42,0.20,0.50,0.00,0.49,0.22,ME3,ME3,ME3
168,CHS1_YEAST,0.26,0.50,0.33,0.28,0.50,0.00,0.51,0.22,ME3,ME3,ME3
169,CHS2_YEAST,0.39,0.42,0.38,0.40,0.50,0.00,0.49,0.47,ME3,NUC,ME3
170,CHS3_YEAST,0.26,0.44,0.30,0.11,0.50,0.00,0.51,0.47,ME3,NUC,ME3
171,CIK1_YEAST,0.31,0.44,0.53,0.23,0.50,0.00,0.51,0.32,NUC,NUC,NUC
172,CIN1_YEAST,0.48,0.61,0.44,0.20,0.50,0.00,0.47,0.22,CYT,CYT,ME3
173,CIN4_YEAST,0.66,0.45,0.50,0.23,0.50,0.00,0.49,0.22,CYT,CYT,CYT
174,CIN8_YEAST,0.21,0.41,0.55,0.11,0.50,0.00,0.50,0.27,CYT,CYT,NUC
175,CISY_YEAST,0.38,0.68,0.44,0.45,0.50,0.00,0.53,0.22,MIT,MIT,MIT
176,CISZ_YEAST,0.44,0.38,0.48,0.32,0.50,0.83,0.53,0.22,POX,POX,POX
177,KC21_YEAST,0.31,0.31,0.56,0.33,0.50,0.00,0.52,0.33,NUC,NUC,NUC
178,KC22_YEAST,0.49,0.31,0.49,0.35,0.50,0.00,0.51,0.29,NUC,CYT,POX
179,KC2C_YEAST,0.38,0.37,0.56,0.21,0.50,0.00,0.49,0.22,NUC,NUC,VAC
180,KICH_YEAST,0.39,0.40,0.53,0.67,0.50,0.00,0.47,0.22,CYT,MIT,MIT
181,CLC1_YEAST,0.24,0.34,0.69,0.18,0.50,0.00,0.52,0.22,CYT,NUC,NUC
182,CG11_YEAST,0.49,0.43,0.51,0.13,0.50,0.00,0.47,0.22,CYT,CYT,CYT
183,CG12_YEAST,0.54,0.38,0.52,0.18,0.50,0.00,0.48,0.22,CYT,CYT,CYT
184,CG13_YEAST,0.43,0.57,0.53,0.53,0.50,0.00,0.53,0.25,CYT,MIT,MIT
185,CALM_YEAST,0.48,0.64,0.61,0.23,0.50,0.00,0.60,0.22,CYT,CYT,MIT
186,KCC1_YEAST,0.31,0.55,0.52,0.17,0.50,0.00,0.52,0.22,CYT,CYT,VAC
187,KCC2_YEAST,0.32,0.57,0.50,0.15,0.50,0.00,0.53,0.22,CYT,CYT,VAC
188,P2B1_YEAST,0.32,0.42,0.52,0.24,0.50,0.00,0.60,0.22,CYT,CYT,CYT
189,P2B2_YEAST,0.59,0.50,0.52,0.28,0.50,0.00,0.55,0.25,CYT,CYT,CYT
190,CALB_YEAST,0.37,0.42,0.51,0.11,0.50,0.00,0.57,0.22,CYT,CYT,CYT
191,CALX_YEAST,0.75,0.70,0.38,0.27,0.50,0.00,0.49,0.22,ME1,ME1,ME1
192,CYB_YEAST,0.61,0.72,0.31,0.33,0.50,0.00,0.56,0.22,MIT,ME1,ME1
193,COFI_YEAST,0.44,0.42,0.60,0.21,0.50,0.00,0.57,0.22,CYT,CYT,POX
194,COQ1_YEAST,0.52,0.51,0.51,0.54,0.50,0.00,0.55,0.27,MIT,MIT,MIT
195,COQ2_YEAST,0.63,0.56,0.45,0.58,0.50,0.00,0.51,0.22,MIT,MIT,VAC
196,COQ3_YEAST,0.52,0.56,0.54,0.53,0.50,0.00,0.45,0.22,MIT,MIT,MIT
197,UCR1_YEAST,0.58,0.58,0.58,0.49,0.50,0.00,0.49,0.26,MIT,MIT,MIT
198,COT1_YEAST,0.72,0.62,0.34,0.29,0.50,0.00,0.56,0.28,MIT,ME2,ME2
199,COX1_YEAST,0.72,0.61,0.37,0.30,0.50,0.00,0.57,0.22,MIT,ME2,ME2
200,COXX_YEAST,0.46,0.43,0.38,0.33,0.50,0.00,0.48,0.28,MIT,ME3,ME3
201,COXZ_YEAST,0.57,0.57,0.44,0.37,0.50,0.00,0.52,0.25,MIT,MIT,MIT
202,COXG_YEAST,0.42,0.31,0.62,0.12,0.50,0.00,0.40,0.22,MIT,NUC,NUC
203,COXE_YEAST,0.49,0.46,0.45,0.45,0.50,0.00,0.52,0.22,MIT,MIT,MIT
204,YEX1_YEAST,0.42,0.58,0.41,0.65,0.50,0.00,0.46,0.26,MIT,MIT,MIT
205,COX2_YEAST,0.59,0.61,0.34,0.22,0.50,0.00,0.51,0.22,MIT,ME3,ME3
206,COX3_YEAST,0.52,0.77,0.38,0.34,0.50,0.00,0.51,0.22,MIT,ME3,ME1
207,COX4_YEAST,0.50,0.52,0.60,0.51,0.50,0.00,0.48,0.22,MIT,MIT,MIT
208,COXA_YEAST,0.49,0.60,0.43,0.56,0.50,0.00,0.36,0.22,MIT,MIT,MIT
209,COXB_YEAST,0.50,0.41,0.44,0.50,0.50,0.00,0.42,0.22,MIT,MIT,MIT
210,COX6_YEAST,0.50,0.40,0.56,0.70,0.50,0.00,0.50,0.22,MIT,MIT,MIT
211,COX7_YEAST,0.37,0.58,0.44,0.51,0.50,0.00,0.44,0.22,MIT,MIT,MIT
212,COX8_YEAST,0.55,0.45,0.45,0.54,0.50,0.00,0.50,0.22,MIT,MIT,MIT
213,COX9_YEAST,0.67,0.68,0.46,0.29,0.50,0.00,0.46,0.22,MIT,CYT,EXC
214,CARA_YEAST,0.53,0.51,0.46,0.28,0.50,0.00,0.48,0.22,CYT,CYT,CYT
215,CARB_YEAST,0.35,0.66,0.49,0.21,0.50,0.00,0.54,0.25,CYT,CYT,CYT
216,CYPH_YEAST,0.52,0.40,0.60,0.12,0.50,0.00,0.55,0.22,CYT,CYT,CYT
217,CYPB_YEAST,0.77,0.79,0.58,0.23,0.50,0.00,0.48,0.22,EXC,EXC,EXC
218,CYPC_YEAST,0.47,0.46,0.59,0.49,0.50,0.00,0.56,0.22,MIT,MIT,MIT
219,CYPR_YEAST,0.73,0.83,0.43,0.30,0.50,0.00,0.55,0.22,ME1,ME1,ME1
220,CYPD_YEAST,0.78,0.74,0.58,0.25,1.00,0.00,0.53,0.22,ERL,ERL,ERL
221,CBPS_YEAST,0.70,0.65,0.54,0.28,0.50,0.00,0.60,0.40,VAC,CYT,VAC
222,CPT1_YEAST,0.47,0.54,0.37,0.14,0.50,0.00,0.50,0.22,ME3,ME3,ME3
223,CRM1_YEAST,0.56,0.52,0.48,0.17,0.50,0.00,0.46,0.22,NUC,NUC,NUC
224,R141_YEAST,0.57,0.41,0.59,0.24,0.50,0.00,0.40,0.22,CYT,CYT,EXC
225,R142_YEAST,0.56,0.41,0.58,0.21,0.50,0.00,0.42,0.22,CYT,CYT,EXC
226,CSE1_YEAST,0.58,0.56,0.45,0.12,0.50,0.00,0.51,0.22,NUC,CYT,ME2
227,CSE2_YEAST,0.53,0.38,0.66,0.25,0.50,0.00,0.43,0.22,NUC,CYT,CYT
228,YKE9_YEAST,0.34,0.36,0.54,0.11,0.50,0.00,0.36,0.21,NUC,NUC,NUC
229,CSG2_YEAST,0.69,0.61,0.38,0.27,0.50,0.00,0.52,0.22,ME2,MIT,ME2
230,CATA_YEAST,0.37,0.53,0.60,0.19,0.50,0.50,0.42,0.22,POX,CYT,POX
231,CB33_YEAST,0.41,0.45,0.53,0.17,0.50,0.00,0.51,0.25,NUC,CYT,CYT
232,CTK1_YEAST,0.31,0.46,0.54,0.52,0.50,0.00,0.50,0.34,NUC,NUC,NUC
233,CTR1_YEAST,0.36,0.37,0.33,0.14,0.50,0.00,0.57,0.31,ME3,ME3,VAC
234,CHI1_YEAST,0.82,0.78,0.49,0.23,0.50,0.00,0.46,0.22,EXC,EXC,EXC
235,CHI2_YEAST,0.82,0.75,0.54,0.23,0.50,0.00,0.46,0.22,EXC,EXC,EXC
236,CATT_YEAST,0.41,0.51,0.58,0.15,0.50,0.00,0.45,0.27,CYT,CYT,CYT
237,MTC_YEAST,0.38,0.51,0.75,0.17,0.50,0.00,0.55,0.22,CYT,CYT,CYT
238,MTC_YEAST,0.38,0.51,0.75,0.17,0.50,0.00,0.55,0.22,CYT,CYT,CYT
239,CYB2_YEAST,0.53,0.44,0.51,0.33,0.50,0.00,0.52,0.22,MIT,CYT,CYT
240,CYC1_YEAST,0.46,0.54,0.71,0.15,0.50,0.00,0.59,0.22,MIT,CYT,CYT
241,CYC2_YEAST,0.40,0.56,0.48,0.14,0.50,0.00,0.47,0.22,MIT,CYT,CYT
242,CCHL_YEAST,0.53,0.53,0.60,0.13,0.50,0.00,0.49,0.22,MIT,CYT,POX
243,CYC7_YEAST,0.42,0.57,0.72,0.22,0.50,0.00,0.57,0.22,MIT,CYT,MIT
244,RL2A_YEAST,0.45,0.27,0.57,0.36,0.50,0.00,0.52,0.18,CYT,CYT,POX
245,CYAA_YEAST,0.20,0.26,0.52,0.14,0.50,0.00,0.53,0.44,CYT,NUC,NUC
246,CYS3_YEAST,0.51,0.53,0.55,0.14,0.50,0.00,0.51,0.22,CYT,CYT,POX
247,CY1_YEAST,0.44,0.68,0.45,0.51,0.50,0.00,0.52,0.41,MIT,MIT,MIT
248,CYT2_YEAST,0.27,0.39,0.66,0.11,0.50,0.00,0.44,0.22,MIT,CYT,NUC
249,DAL4_YEAST,0.55,0.42,0.34,0.30,0.50,0.00,0.52,0.22,ME3,ME3,ME3
250,DAL5_YEAST,0.34,0.42,0.30,0.23,0.50,0.00,0.53,0.22,ME3,ME3,ME3
251,MASZ_YEAST,0.44,0.53,0.52,0.23,0.50,0.83,0.51,0.22,POX,POX,POX
252,DA80_YEAST,0.59,0.58,0.56,0.21,0.50,0.00,0.54,0.33,NUC,NUC,NUC
253,DA81_YEAST,0.39,0.28,0.46,0.12,0.50,0.00,0.41,0.22,NUC,NUC,NUC
254,DA82_YEAST,0.56,0.43,0.54,0.16,0.50,0.00,0.50,0.22,NUC,CYT,CYT
255,DAP2_YEAST,0.36,0.68,0.38,0.08,0.50,0.00,0.53,0.25,VAC,ME3,ME3
256,DATI_YEAST,0.27,0.36,0.60,0.33,0.50,0.00,0.37,0.31,NUC,NUC,NUC
257,DBF4_YEAST,0.35,0.40,0.59,0.22,0.50,0.00,0.47,0.37,NUC,NUC,NUC
258,DBP1_YEAST,0.42,0.32,0.50,0.21,0.50,0.00,0.51,0.22,NUC,CYT,VAC
259,DBP2_YEAST,0.23,0.20,0.53,0.20,0.50,0.00,0.44,0.22,NUC,CYT,NUC
260,DBR1_YEAST,0.55,0.54,0.56,0.22,0.50,0.00,0.50,0.37,NUC,NUC,NUC
261,DED1_YEAST,0.36,0.24,0.49,0.16,0.50,0.00,0.51,0.22,NUC,NUC,VAC
262,DEP1_YEAST,0.38,0.48,0.59,0.22,0.50,0.00,0.46,0.22,CYT,CYT,CYT
263,DYR_YEAST,0.80,0.46,0.50,0.15,0.50,0.00,0.53,0.22,CYT,CYT,ME2
264,DYHC_YEAST,0.60,0.56,0.47,0.20,0.50,0.00,0.50,0.38,NUC,NUC,NUC
265,DHH1_YEAST,0.41,0.24,0.54,0.26,0.50,0.00,0.41,0.22,NUC,NUC,NUC
266,DLD1_YEAST,0.47,0.65,0.54,0.62,0.50,0.00,0.53,0.36,MIT,MIT,MIT
267,DMC1_YEAST,0.43,0.39,0.54,0.14,0.50,0.00,0.47,0.22,NUC,CYT,VAC
268,DPB2_YEAST,0.50,0.51,0.52,0.09,0.50,0.00,0.48,0.25,NUC,NUC,POX
269,DPB3_YEAST,0.53,0.61,0.52,0.21,0.50,0.00,0.55,0.30,NUC,CYT,CYT
270,DPM1_YEAST,0.54,0.42,0.41,0.16,0.50,0.00,0.52,0.22,ME2,CYT,ME3
271,SYDC_YEAST,0.46,0.35,0.53,0.16,0.50,0.00,0.51,0.29,CYT,CYT,VAC
272,DRS1_YEAST,0.46,0.43,0.49,0.79,0.50,0.00,0.49,0.63,NUC,MIT,MIT
273,ATC4_YEAST,0.51,0.55,0.35,0.16,0.50,0.00,0.51,0.47,ME3,NUC,VAC
274,DSS4_YEAST,0.56,0.52,0.55,0.19,0.50,0.00,0.54,0.22,CYT,CYT,NUC
275,TFS2_YEAST,0.61,0.30,0.59,0.12,0.50,0.00,0.49,0.27,NUC,NUC,VAC
276,DUN1_YEAST,0.37,0.53,0.46,0.23,0.50,0.00,0.47,0.22,NUC,CYT,MIT
277,DUR3_YEAST,0.83,0.58,0.33,0.04,0.50,0.00,0.53,0.22,ME2,ME2,ME2
278,EF1B_YEAST,0.39,0.45,0.53,0.18,0.50,0.00,0.54,0.22,CYT,CYT,CYT
279,EF2_YEAST,0.52,0.54,0.50,0.21,0.50,0.00,0.48,0.30,CYT,CYT,CYT
280,EGD1_YEAST,0.35,0.39,0.57,0.11,0.50,0.00,0.48,0.22,NUC,NUC,VAC
281,ATN2_YEAST,0.36,0.49,0.30,0.22,0.50,0.00,0.52,0.31,ME3,ME3,ME3
282,END2_YEAST,0.78,0.70,0.32,0.23,0.50,0.00,0.53,0.22,ME1,ME1,ME1
283,END3_YEAST,0.55,0.46,0.53,0.11,0.50,0.00,0.52,0.48,CYT,NUC,NUC
284,ENO1_YEAST,0.45,0.56,0.54,0.32,0.50,0.00,0.57,0.22,CYT,CYT,MIT
285,ENO2_YEAST,0.45,0.56,0.53,0.32,0.50,0.00,0.57,0.22,CYT,CYT,MIT
286,EPT1_YEAST,0.29,0.43,0.40,0.15,0.50,0.00,0.53,0.22,ME3,ME3,ME3
287,ERD1_YEAST,0.52,0.75,0.37,0.14,0.50,0.00,0.46,0.22,ME3,ME3,ME3
288,ERD2_YEAST,0.71,0.56,0.39,0.27,0.50,0.00,0.52,0.22,ME2,MIT,ME2
289,ERG1_YEAST,0.58,0.60,0.43,0.12,0.50,0.00,0.55,0.22,ME3,CYT,ME2
290,THIL_YEAST,0.54,0.65,0.49,0.34,0.50,0.00,0.52,0.22,CYT,NUC,MIT
291,CP51_YEAST,0.57,0.59,0.44,0.16,0.50,0.00,0.52,0.22,ME2,CYT,MIT
292,KIME_YEAST,0.59,0.58,0.46,0.19,0.50,0.00,0.56,0.27,CYT,CYT,ME2
293,ERG2_YEAST,0.92,0.61,0.40,0.22,0.50,0.00,0.54,0.22,ME2,ME2,ME2
294,FPPS_YEAST,0.55,0.56,0.45,0.14,0.50,0.00,0.54,0.22,CYT,CYT,ME2
295,ER24_YEAST,0.63,0.61,0.41,0.22,0.50,0.00,0.51,0.22,ME3,CYT,ME2
296,ERG3_YEAST,0.58,0.53,0.38,0.18,0.50,0.00,0.52,0.22,ME3,ME3,ME2
297,ERG4_YEAST,0.36,0.46,0.43,0.19,0.50,0.00,0.48,0.22,ME3,CYT,ME2
298,ERG6_YEAST,0.32,0.47,0.55,0.12,0.50,0.00,0.52,0.22,CYT,CYT,CYT
299,ERG7_YEAST,0.34,0.38,0.45,0.19,0.50,0.00,0.51,0.22,ME2,NUC,ME2
300,ERG8_YEAST,0.62,0.58,0.46,0.13,0.50,0.00,0.53,0.22,CYT,CYT,ME2
301,FDFT_YEAST,0.53,0.68,0.42,0.19,0.50,0.00,0.53,0.22,ME3,MIT,ME2
302,ERS1_YEAST,0.73,0.55,0.41,0.16,0.50,0.00,0.46,0.22,ME2,CYT,ME2
303,ESP1_YEAST,0.55,0.46,0.46,0.31,0.50,0.00,0.58,0.48,NUC,NUC,NUC
304,EST1_YEAST,0.35,0.60,0.47,0.13,0.50,0.00,0.52,0.43,NUC,NUC,NUC
305,EUG1_YEAST,0.77,0.80,0.51,0.40,1.00,0.00,0.54,0.22,ERL,ERL,ERL
306,EXG1_YEAST,0.77,0.87,0.47,0.37,0.50,0.00,0.48,0.22,EXC,EXC,EXC
307,LCF2_YEAST,0.35,0.46,0.49,0.15,1.00,0.00,0.55,0.35,CYT,NUC,ERL
308,FAD1_YEAST,0.43,0.51,0.48,0.14,0.50,0.00,0.50,0.22,CYT,CYT,VAC
309,FAS1_YEAST,0.57,0.61,0.45,0.26,0.50,0.00,0.50,0.22,CYT,MIT,ME2
310,FAS2_YEAST,0.63,0.62,0.42,0.12,0.50,0.00,0.52,0.25,CYT,ME3,ME3
311,COAC_YEAST,0.25,0.40,0.51,0.18,0.50,0.00,0.50,0.27,CYT,CYT,NUC
312,ALF_YEAST,0.56,0.62,0.53,0.24,0.50,0.00,0.57,0.22,CYT,MIT,MIT
313,F16P_YEAST,0.58,0.60,0.51,0.24,0.50,0.00,0.53,0.22,CYT,CYT,MIT
314,F26_YEAST,0.71,0.59,0.53,0.15,0.50,0.00,0.49,0.33,CYT,NUC,VAC
315,FCY2_YEAST,0.46,0.35,0.33,0.17,0.50,0.00,0.55,0.22,ME3,ME3,ME3
316,FET3_YEAST,0.54,0.55,0.42,0.22,0.50,0.00,0.48,0.22,ME3,CYT,ME2
317,FET4_YEAST,0.39,0.44,0.28,0.12,0.50,0.00,0.46,0.27,ME3,ME3,VAC
318,FHL1_YEAST,0.33,0.44,0.49,0.08,0.50,0.00,0.48,0.49,NUC,NUC,NUC
319,FLO1_YEAST,0.81,0.82,0.41,0.36,0.50,0.00,0.39,0.22,EXC,EXC,EXC
320,FOX2_YEAST,0.69,0.60,0.51,0.13,0.50,0.83,0.52,0.22,POX,POX,POX
321,THIK_YEAST,0.46,0.48,0.44,0.21,0.50,0.00,0.55,0.22,POX,CYT,VAC
322,FKBP_YEAST,0.35,0.36,0.57,0.17,0.50,0.00,0.52,0.22,CYT,CYT,VAC
323,FKB2_YEAST,0.74,0.72,0.47,0.25,0.50,0.00,0.57,0.22,ME1,ME1,ME1
324,FKB3_YEAST,0.54,0.57,0.52,0.19,0.50,0.00,0.59,0.67,NUC,NUC,NUC
325,FPS1_YEAST,0.42,0.52,0.40,0.17,0.50,0.00,0.50,0.26,ME3,ME3,ME3
326,FRE1_YEAST,0.91,0.77,0.34,0.47,0.50,0.00,0.52,0.31,ME1,ME1,ME1
327,YKW0_YEAST,0.81,0.90,0.39,0.41,0.50,0.00,0.53,0.22,ME2,ME1,ME1
328,SYFA_YEAST,0.45,0.40,0.56,0.14,0.50,0.00,0.54,0.22,CYT,CYT,VAC
329,SYFB_YEAST,0.47,0.47,0.58,0.16,0.50,0.00,0.49,0.28,CYT,CYT,NUC
330,FUMH_YEAST,0.41,0.39,0.51,0.52,0.50,0.00,0.49,0.22,CYT,MIT,MIT
331,FU34_YEAST,0.37,0.34,0.32,0.22,0.50,0.00,0.56,0.22,ME3,ME3,ME3
332,FUR1_YEAST,0.69,0.60,0.50,0.31,0.50,0.00,0.55,0.22,CYT,MIT,VAC
333,FUR4_YEAST,0.35,0.56,0.36,0.30,0.50,0.00,0.53,0.25,ME3,ME3,ME3
334,FUS1_YEAST,0.84,0.66,0.36,0.78,0.50,0.00,0.49,0.50,ME1,ME1,ME1
335,FUS3_YEAST,0.51,0.58,0.54,0.29,0.50,0.00,0.53,0.22,CYT,CYT,MIT
336,FZF1_YEAST,0.37,0.43,0.62,0.27,0.50,0.00,0.48,0.22,NUC,CYT,CYT
337,GAC1_YEAST,0.55,0.66,0.57,0.32,0.50,0.00,0.57,0.34,CYT,NUC,NUC
338,GAL1_YEAST,0.48,0.35,0.42,0.21,0.50,0.00,0.57,0.22,CYT,CYT,POX
339,GALX_YEAST,0.62,0.58,0.52,0.15,0.50,0.00,0.52,0.29,CYT,CYT,VAC
340,GALY_YEAST,0.56,0.59,0.53,0.16,0.50,0.00,0.24,0.42,NUC,NUC,NUC
341,GAL2_YEAST,0.44,0.51,0.37,0.15,0.50,0.00,0.51,0.22,ME3,ME3,ME3
342,GAL4_YEAST,0.44,0.44,0.49,0.15,0.50,0.00,0.46,0.27,NUC,CYT,CYT
343,GAL7_YEAST,0.50,0.50,0.48,0.17,0.50,0.00,0.47,0.26,CYT,NUC,POX
344,GAL8_YEAST,0.60,0.60,0.49,0.30,0.50,0.00,0.53,0.22,NUC,CYT,CYT
345,GAP1_YEAST,0.49,0.46,0.34,0.21,0.50,0.00,0.55,0.22,ME3,ME3,ME3
346,GAR1_YEAST,0.35,0.68,0.57,0.40,0.50,0.00,0.53,0.36,NUC,MIT,MIT
347,GAS1_YEAST,0.70,0.69,0.43,0.33,0.50,0.00,0.58,0.22,ME1,ME1,ME1
348,GBP2_YEAST,0.23,0.30,0.58,0.22,0.50,0.00,0.48,0.27,NUC,CYT,CYT
349,E2BG_YEAST,0.45,0.42,0.52,0.20,0.50,0.00,0.50,0.25,CYT,CYT,CYT
350,IF2G_YEAST,0.51,0.35,0.46,0.15,0.50,0.00,0.51,0.42,CYT,CYT,CYT
351,E2BD_YEAST,0.42,0.39,0.47,0.13,0.50,0.00,0.50,0.27,CYT,CYT,ME2
352,E2BE_YEAST,0.32,0.38,0.52,0.20,0.50,0.00,0.52,0.28,CYT,NUC,NUC
353,E2BB_YEAST,0.59,0.65,0.52,0.30,0.50,0.00,0.46,0.31,CYT,NUC,MIT
354,GCN1_YEAST,0.41,0.52,0.41,0.11,0.50,0.00,0.54,0.35,CYT,ME3,ME3
355,GCN2_YEAST,0.37,0.33,0.50,0.12,0.50,0.00,0.51,0.54,CYT,NUC,NUC
356,E2BA_YEAST,0.45,0.56,0.49,0.17,0.50,0.00,0.52,0.22,CYT,CYT,CYT
357,GCN4_YEAST,0.56,0.54,0.59,0.14,0.50,0.00,0.52,0.27,NUC,CYT,CYT
358,GCN5_YEAST,0.31,0.31,0.54,0.18,0.50,0.00,0.52,0.29,NUC,NUC,NUC
359,GCR1_YEAST,0.27,0.51,0.47,0.35,0.50,0.00,0.49,0.28,NUC,CYT,CYT
360,GCR2_YEAST,0.54,0.56,0.57,0.18,0.50,0.00,0.45,0.25,NUC,CYT,CYT
361,GCR3_YEAST,0.17,0.38,0.45,0.09,0.50,0.00,0.54,0.27,NUC,CYT,ME3
362,GCS1_YEAST,0.43,0.51,0.54,0.15,0.50,0.00,0.45,0.26,NUC,CYT,CYT
363,GCY_YEAST,0.60,0.40,0.59,0.18,0.50,0.00,0.48,0.22,CYT,CYT,CYT
364,GDA1_YEAST,0.91,0.69,0.57,0.45,0.50,0.00,0.56,0.22,ME2,ME2,ME2
365,DHE4_YEAST,0.38,0.47,0.53,0.12,0.50,0.00,0.48,0.22,CYT,CYT,CYT
366,DHE2_YEAST,0.59,0.43,0.52,0.19,0.50,0.00,0.55,0.27,CYT,CYT,VAC
367,GDI1_YEAST,0.64,0.53,0.45,0.13,0.50,0.00,0.53,0.22,CYT,CYT,CYT
368,GEF1_YEAST,0.49,0.31,0.34,0.13,0.50,0.00,0.52,0.22,ME3,ME3,ME3
369,GFA1_YEAST,0.52,0.51,0.51,0.12,0.50,0.00,0.51,0.40,CYT,NUC,NUC
370,GLGB_YEAST,0.49,0.43,0.48,0.15,0.50,0.00,0.55,0.25,CYT,CYT,CYT
371,PP12_YEAST,0.49,0.47,0.52,0.16,0.50,0.00,0.53,0.28,CYT,CYT,CYT
372,HXKG_YEAST,0.48,0.39,0.49,0.18,0.50,0.00,0.51,0.22,CYT,CYT,CYT
373,GLNA_YEAST,0.44,0.34,0.55,0.18,0.50,0.00,0.52,0.22,CYT,CYT,VAC
374,GLN3_YEAST,0.43,0.54,0.58,0.16,0.50,0.00,0.50,0.36,NUC,CYT,CYT
375,SYQ_YEAST,0.49,0.42,0.54,0.17,0.50,0.00,0.50,0.36,CYT,NUC,NUC
376,GLO3_YEAST,0.34,0.66,0.51,0.16,0.50,0.00,0.47,0.33,NUC,NUC,NUC
377,GLS1_YEAST,0.20,0.34,0.33,0.10,0.50,0.00,0.48,0.31,ME3,ME3,VAC
378,6PGD_YEAST,0.74,0.53,0.50,0.08,0.50,0.00,0.55,0.31,CYT,CYT,CYT
379,GOG5_YEAST,0.69,0.48,0.38,0.15,0.50,0.00,0.55,0.22,ME2,ME2,ME2
380,GBA1_YEAST,0.30,0.50,0.47,0.11,0.50,0.00,0.46,0.22,CYT,CYT,ME3
381,GPDA_YEAST,0.44,0.51,0.48,0.38,0.50,0.00,0.52,0.22,CYT,MIT,MIT
382,PHSG_YEAST,0.31,0.45,0.50,0.17,0.50,0.00,0.49,0.22,CYT,CYT,VAC
383,PMGY_YEAST,0.55,0.41,0.56,0.21,0.50,0.00,0.52,0.22,CYT,CYT,CYT
384,PHO2_YEAST,0.40,0.34,0.52,0.17,0.50,0.00,0.47,0.51,NUC,NUC,NUC
385,SYG_YEAST,0.40,0.48,0.50,0.17,0.50,0.00,0.54,0.50,CYT,NUC,NUC
386,GSP1_YEAST,0.58,0.48,0.56,0.10,0.50,0.00,0.46,0.25,NUC,CYT,POX
387,GSP2_YEAST,0.58,0.48,0.56,0.12,0.50,0.00,0.46,0.25,NUC,NUC,NUC
388,UGS1_YEAST,0.58,0.45,0.48,0.24,0.50,0.00,0.52,0.37,CYT,CYT,VAC
389,UGS2_YEAST,0.58,0.41,0.51,0.26,0.50,0.00,0.51,0.37,CYT,CYT,CYT
390,GTS1_YEAST,0.41,0.60,0.53,0.29,0.50,0.00,0.47,0.43,NUC,NUC,NUC
391,GPDM_YEAST,0.69,0.50,0.49,0.42,0.50,0.00,0.49,0.22,MIT,MIT,MIT
392,HAL1_YEAST,0.38,0.49,0.61,0.13,0.50,0.00,0.54,0.22,CYT,CYT,CYT
393,CYP1_YEAST,0.60,0.48,0.44,0.52,0.50,0.00,0.54,0.63,NUC,NUC,ME3
394,HAP2_YEAST,0.47,0.49,0.63,0.17,0.50,0.00,0.31,0.26,NUC,CYT,CYT
395,HAP3_YEAST,0.28,0.51,0.55,0.11,0.50,0.00,0.46,0.22,NUC,CYT,CYT
396,HAP4_YEAST,0.56,0.57,0.63,0.39,1.00,0.00,0.59,0.40,NUC,CYT,ERL
397,HBS1_YEAST,0.21,0.38,0.49,0.16,0.50,0.00,0.51,0.45,CYT,NUC,NUC
398,HCM1_YEAST,0.46,0.57,0.57,0.15,0.50,0.00,0.52,0.26,NUC,CYT,VAC
399,HDF1_YEAST,0.43,0.42,0.54,0.22,0.50,0.00,0.57,0.33,NUC,CYT,CYT
400,HEM1_YEAST,0.57,0.59,0.50,0.58,0.50,0.00,0.53,0.22,MIT,MIT,MIT
401,DCUP_YEAST,0.48,0.34,0.47,0.14,0.50,0.00,0.47,0.26,CYT,CYT,NUC
402,HEM6_YEAST,0.35,0.40,0.53,0.18,0.50,0.00,0.42,0.38,CYT,NUC,NUC
403,HEMZ_YEAST,0.47,0.45,0.53,0.62,0.50,0.00,0.46,0.22,MIT,MIT,MIT
404,HEM2_YEAST,0.53,0.43,0.47,0.15,0.50,0.00,0.58,0.22,CYT,CYT,VAC
405,HEM3_YEAST,0.46,0.45,0.56,0.16,0.50,0.00,0.56,0.22,CYT,CYT,CYT
406,HEX2_YEAST,0.44,0.42,0.62,0.14,0.50,0.00,0.55,0.37,NUC,NUC,NUC
407,H4_YEAST,0.37,0.34,0.58,0.24,0.50,0.00,0.44,0.18,NUC,NUC,NUC
408,H4_YEAST,0.37,0.34,0.58,0.24,0.50,0.00,0.44,0.18,NUC,NUC,NUC
409,H3_YEAST,0.39,0.39,0.55,0.52,0.50,0.00,0.37,0.16,NUC,NUC,NUC
410,H3_YEAST,0.39,0.39,0.55,0.52,0.50,0.00,0.37,0.16,NUC,NUC,NUC
411,HIP1_YEAST,0.48,0.46,0.38,0.29,0.50,0.00,0.53,0.22,ME3,ME3,ME3
412,HIR1_YEAST,0.48,0.57,0.50,0.09,0.50,0.00,0.52,0.42,NUC,NUC,NUC
413,HIR2_YEAST,0.61,0.57,0.45,0.21,0.50,0.00,0.50,0.42,NUC,CYT,ME2
414,HIS7_YEAST,0.56,0.44,0.56,0.19,0.50,0.00,0.54,0.22,CYT,CYT,CYT
415,HMD1_YEAST,0.51,0.63,0.30,0.35,0.50,0.00,0.53,0.27,ME3,ME3,ME3
416,HMD2_YEAST,0.53,0.68,0.34,0.42,0.50,0.00,0.54,0.27,ME3,ME3,ME3
417,MAT1_YEAST,0.37,0.22,0.64,0.35,0.50,0.00,0.47,0.22,NUC,NUC,NUC
418,MAT2_YEAST,0.51,0.48,0.58,0.22,0.50,0.00,0.50,0.28,NUC,NUC,NUC
419,MTA1_YEAST,0.49,0.37,0.59,0.17,0.50,0.00,0.51,0.22,NUC,CYT,CYT
420,MAT2_YEAST,0.51,0.48,0.58,0.22,0.50,0.00,0.50,0.28,NUC,NUC,NUC
421,HO_YEAST,0.53,0.53,0.53,0.17,0.50,0.00,0.49,0.37,NUC,NUC,NUC
422,HOP1_YEAST,0.29,0.68,0.47,0.26,0.50,0.00,0.47,0.37,NUC,NUC,NUC
423,HPR1_YEAST,0.50,0.45,0.49,0.15,0.50,0.00,0.55,0.43,NUC,CYT,CYT
424,HXTY_YEAST,0.33,0.28,0.31,0.24,0.50,0.00,0.53,0.22,ME3,ME3,ME3
425,YJ64_YEAST,0.85,0.85,0.30,0.31,0.50,0.00,0.55,0.42,ME1,ME1,ME1
426,HR25_YEAST,0.43,0.39,0.51,0.28,0.50,0.00,0.40,0.22,NUC,MIT,EXC
427,HS83_YEAST,0.61,0.54,0.49,0.16,0.50,0.00,0.54,0.42,CYT,NUC,NUC
428,HSF_YEAST,0.34,0.35,0.61,0.19,0.50,0.00,0.52,0.25,NUC,NUC,VAC
429,CH10_YEAST,0.55,0.53,0.56,0.29,0.50,0.00,0.48,0.22,MIT,MIT,POX
430,H104_YEAST,0.66,0.62,0.52,0.17,0.50,0.00,0.49,0.22,CYT,MIT,VAC
431,HS26_YEAST,0.44,0.41,0.58,0.20,0.50,0.00,0.57,0.25,CYT,CYT,CYT
432,HS30_YEAST,0.37,0.62,0.34,0.25,0.50,0.00,0.51,0.22,ME3,ME3,ME3
433,HS60_YEAST,0.45,0.56,0.51,0.64,0.50,0.00,0.54,0.22,MIT,MIT,MIT
434,HSP7_YEAST,0.38,0.46,0.52,0.75,0.50,0.00,0.50,0.26,MIT,MIT,MIT
435,HS82_YEAST,0.61,0.54,0.49,0.19,0.50,0.00,0.54,0.47,CYT,NUC,NUC
436,H2A1_YEAST,0.44,0.53,0.52,0.37,0.50,0.00,0.50,0.22,NUC,MIT,MIT
437,H2A2_YEAST,0.44,0.53,0.52,0.37,0.50,0.00,0.50,0.22,NUC,MIT,MIT
438,H2B1_YEAST,0.32,0.34,0.61,0.17,0.50,0.00,0.52,0.32,NUC,NUC,NUC
439,H2B2_YEAST,0.34,0.34,0.61,0.18,0.50,0.00,0.52,0.32,NUC,NUC,NUC
440,SYH_YEAST,0.51,0.68,0.49,0.59,0.50,0.00,0.54,0.27,MIT,MIT,MIT
441,HXKA_YEAST,0.41,0.30,0.49,0.28,0.50,0.00,0.54,0.22,CYT,NUC,VAC
442,HXKB_YEAST,0.41,0.43,0.50,0.28,0.50,0.00,0.50,0.22,CYT,CYT,CYT
443,HXT1_YEAST,0.30,0.50,0.34,0.26,0.50,0.00,0.51,0.22,ME3,ME3,ME3
444,HXT2_YEAST,0.49,0.40,0.34,0.26,0.50,0.00,0.50,0.22,ME3,ME3,ME3
445,HXT3_YEAST,0.34,0.40,0.30,0.23,0.50,0.00,0.51,0.22,ME3,ME3,ME3
446,HXT4_YEAST,0.43,0.44,0.30,0.18,0.50,0.00,0.51,0.22,ME3,ME3,ME3
447,HXT5_YEAST,0.43,0.45,0.37,0.12,0.50,0.00,0.48,0.22,ME3,ME3,ME3
448,HXT6_YEAST,0.45,0.57,0.30,0.17,0.50,0.00,0.51,0.22,ME3,ME3,ME3
449,HXT7_YEAST,0.45,0.57,0.30,0.17,0.50,0.00,0.51,0.22,ME3,ME3,ME3
450,HXT8_YEAST,0.42,0.44,0.33,0.17,0.50,0.00,0.54,0.27,ME3,ME3,VAC
451,ACEA_YEAST,0.52,0.50,0.53,0.10,0.50,0.00,0.48,0.22,POX,NUC,POX
452,IDH1_YEAST,0.53,0.56,0.49,0.46,0.50,0.00,0.52,0.22,MIT,MIT,MIT
453,IDH2_YEAST,0.45,0.54,0.54,0.62,0.50,0.00,0.53,0.22,MIT,MIT,MIT
454,IPPI_YEAST,0.51,0.43,0.63,0.18,0.50,0.00,0.52,0.22,CYT,CYT,CYT
455,IDHP_YEAST,0.51,0.52,0.48,0.50,0.50,0.00,0.51,0.22,MIT,MIT,MIT
456,IF2M_YEAST,0.55,0.49,0.50,0.46,0.50,0.00,0.52,0.25,MIT,MIT,MIT
457,SYI_YEAST,0.50,0.46,0.52,0.16,0.50,0.00,0.52,0.26,CYT,CYT,CYT
458,THDH_YEAST,0.50,0.53,0.45,0.44,0.50,0.00,0.49,0.22,MIT,MIT,MIT
459,ILVB_YEAST,0.45,0.59,0.53,0.74,0.50,0.00,0.47,0.25,MIT,MIT,MIT
460,ILV5_YEAST,0.57,0.61,0.55,0.67,0.50,0.00,0.48,0.22,MIT,MIT,MIT
461,IME1_YEAST,0.54,0.45,0.62,0.13,0.50,0.00,0.52,0.26,NUC,NUC,NUC
462,IMP1_YEAST,0.67,0.51,0.53,0.28,0.50,0.00,0.51,0.22,MIT,CYT,VAC
463,IMP2_YEAST,0.35,0.49,0.47,0.22,0.50,0.00,0.50,0.28,MIT,CYT,ME3
464,IATP_YEAST,0.47,0.63,0.66,0.45,0.50,0.00,0.37,0.11,MIT,CYT,CYT
465,INO1_YEAST,0.51,0.34,0.43,0.18,0.50,0.00,0.48,0.25,CYT,CYT,ME3
466,INO2_YEAST,0.56,0.45,0.59,0.14,0.50,0.00,0.51,0.26,NUC,NUC,NUC
467,INO4_YEAST,0.45,0.38,0.59,0.18,0.50,0.00,0.44,0.45,NUC,NUC,NUC
468,IPYR_YEAST,0.43,0.51,0.60,0.25,0.50,0.00,0.55,0.22,CYT,CYT,POX
469,IRA1_YEAST,0.47,0.59,0.43,0.13,0.50,0.00,0.56,0.30,ME3,ME3,ME3
470,IRA2_YEAST,0.40,0.45,0.42,0.17,0.50,0.00,0.54,0.26,ME3,ME3,ME3
471,IRE1_YEAST,0.89,0.81,0.36,0.71,0.50,0.00,0.55,0.63,ME1,ME1,ME1
472,IS42_YEAST,0.58,0.55,0.52,0.22,0.50,0.00,0.44,0.22,MIT,CYT,CYT
473,ISP6_YEAST,0.59,0.57,0.46,0.14,0.50,0.00,0.52,0.22,MIT,CYT,ME2
474,ITR1_YEAST,0.49,0.41,0.32,0.21,0.50,0.00,0.50,0.32,ME3,ME3,ME3
475,ITR2_YEAST,0.35,0.53,0.35,0.33,0.50,0.00,0.50,0.32,ME3,ME3,ME3
476,IXR1_YEAST,0.42,0.32,0.61,0.13,0.50,0.00,0.14,0.27,NUC,CYT,CYT
477,YJ12_YEAST,0.50,0.46,0.42,0.32,0.50,0.00,0.56,0.55,ME3,NUC,NUC
478,YJ13_YEAST,0.68,0.50,0.43,0.27,0.50,0.00,0.61,0.22,ME2,ME2,ME2
479,YJ16_YEAST,0.50,0.45,0.49,0.30,0.50,0.00,0.47,0.40,NUC,CYT,CYT
480,ACOX_YEAST,0.46,0.41,0.50,0.44,0.50,0.00,0.53,0.22,MIT,MIT,MIT
481,YJ36_YEAST,0.32,0.36,0.34,0.19,0.50,0.00,0.55,0.26,ME3,ME3,ME3
482,YJ43_YEAST,0.40,0.51,0.42,0.13,0.50,0.00,0.45,0.25,ME3,CYT,ME3
483,YJ49_YEAST,0.70,0.73,0.37,0.37,0.50,0.00,0.48,0.31,ME1,ME1,ME1
484,YJ51_YEAST,0.81,0.76,0.32,0.37,0.50,0.00,0.51,0.22,ME2,ME1,ME1
485,YJ90_YEAST,0.65,0.61,0.39,0.30,0.50,0.00,0.57,0.28,ME3,MIT,ME2
486,YJ91_YEAST,0.47,0.43,0.35,0.32,0.50,0.00,0.54,0.22,ME3,ME3,ME3
487,JNM1_YEAST,0.42,0.25,0.60,0.14,0.50,0.00,0.45,0.22,CYT,NUC,NUC
488,KAR1_YEAST,0.23,0.34,0.41,0.28,0.50,0.00,0.50,0.27,NUC,NUC,NUC
489,GR78_YEAST,0.85,0.56,0.33,0.38,1.00,0.00,0.55,0.25,ERL,ERL,ERL
490,KAR3_YEAST,0.34,0.31,0.60,0.37,0.50,0.00,0.50,0.30,NUC,NUC,NUC
491,KEM1_YEAST,0.59,0.53,0.47,0.26,0.50,0.00,0.53,0.31,NUC,CYT,CYT
492,KEX1_YEAST,0.67,0.63,0.34,0.41,0.50,0.00,0.60,0.33,ME1,ME3,ME2
493,KEX2_YEAST,0.70,0.73,0.38,0.36,0.50,0.00,0.54,0.22,ME1,ME1,ME1
494,ODO1_YEAST,0.54,0.51,0.54,0.52,0.50,0.00,0.47,0.25,MIT,MIT,MIT
495,ODO2_YEAST,0.53,0.50,0.54,0.56,0.50,0.00,0.49,0.41,MIT,MIT,MIT
496,KHR1_YEAST,0.84,0.63,0.38,0.23,0.50,0.00,0.53,0.22,EXC,ME2,ME2
497,KHS1_YEAST,0.89,0.77,0.36,0.34,0.50,0.00,0.44,0.22,EXC,ME1,ME1
498,KIN1_YEAST,0.48,0.43,0.45,0.17,0.50,0.00,0.48,0.37,ME3,CYT,CYT
499,KIN2_YEAST,0.36,0.35,0.47,0.22,0.50,0.00,0.44,0.31,ME3,NUC,ME2
500,KI28_YEAST,0.57,0.49,0.48,0.16,0.50,0.00,0.51,0.22,NUC,CYT,VAC
501,KIP1_YEAST,0.43,0.52,0.53,0.52,1.00,0.00,0.49,0.22,CYT,CYT,ERL
502,KIP2_YEAST,0.38,0.49,0.54,1.00,0.50,0.00,0.50,0.27,CYT,MIT,MIT
503,SMI1_YEAST,0.43,0.32,0.56,0.27,0.50,0.00,0.47,0.27,NUC,CYT,VAC
504,KRE1_YEAST,0.84,0.87,0.45,0.54,0.50,0.00,0.28,0.22,ME1,EXC,EXC
505,KR11_YEAST,0.27,0.56,0.56,0.18,0.50,0.00,0.52,0.22,CYT,CYT,VAC
506,KRE2_YEAST,0.89,0.82,0.60,0.49,0.50,0.00,0.55,0.22,ME2,EXC,EXC
507,KRE5_YEAST,0.86,0.92,0.50,0.37,1.00,0.00,0.53,0.32,ERL,ERL,ERL
508,KRE6_YEAST,0.37,0.55,0.29,0.32,0.50,0.00,0.51,0.22,ME3,ME3,ME3
509,KRE9_YEAST,0.87,0.83,0.57,0.36,0.50,0.00,0.36,0.22,EXC,EXC,EXC
510,SYKC_YEAST,0.43,0.45,0.54,0.14,0.50,0.00,0.50,0.31,CYT,CYT,NUC
511,KSS1_YEAST,0.52,0.48,0.54,0.28,0.50,0.00,0.54,0.22,NUC,CYT,CYT
512,KTR1_YEAST,0.77,0.60,0.42,0.33,0.50,0.00,0.57,0.22,ME2,ME1,ME1
513,KTR2_YEAST,0.76,0.74,0.56,0.34,0.50,0.00,0.51,0.30,ME2,EXC,EXC
514,KTR3_YEAST,0.58,0.76,0.40,0.37,0.50,0.00,0.54,0.30,ME2,ME1,ME1
515,KTR4_YEAST,0.94,0.60,0.33,0.49,0.50,0.00,0.54,0.22,ME2,ME2,ME2
516,MSF1_YEAST,0.36,0.44,0.57,0.18,0.50,0.00,0.42,0.22,MIT,CYT,CYT
517,LAG1_YEAST,0.42,0.51,0.39,0.22,0.50,0.00,0.49,0.26,ME3,ME3,ME3
518,BLH1_YEAST,0.52,0.48,0.58,0.55,0.50,0.00,0.48,0.22,CYT,MIT,MIT
519,AMPL_YEAST,0.42,0.32,0.48,0.16,0.50,0.00,0.55,0.22,VAC,CYT,VAC
520,LAS1_YEAST,0.43,0.38,0.51,0.24,0.50,0.00,0.46,0.33,NUC,CYT,CYT
521,ODP2_YEAST,0.48,0.57,0.52,0.61,0.50,0.00,0.51,0.22,MIT,MIT,MIT
522,LCB1_YEAST,0.83,0.53,0.52,0.20,0.50,0.00,0.48,0.25,ME2,CYT,POX
523,LCB2_YEAST,0.36,0.34,0.46,0.19,0.50,0.00,0.52,0.22,ME2,NUC,VAC
524,LEU2_YEAST,0.51,0.43,0.47,0.19,0.50,0.00,0.52,0.37,CYT,CYT,CYT
525,LEU3_YEAST,0.54,0.54,0.49,0.14,0.50,0.00,0.56,0.22,CYT,CYT,ME2
526,LEUR_YEAST,0.44,0.41,0.44,0.13,0.50,0.00,0.49,0.42,NUC,CYT,CYT
527,LEU1_YEAST,0.52,0.62,0.54,0.19,0.50,0.00,0.50,0.22,MIT,CYT,EXC
528,LGT3_YEAST,0.46,0.40,0.38,0.18,0.50,0.00,0.49,0.22,ME3,ME3,ME3
529,LIP5_YEAST,0.68,0.50,0.55,0.65,0.50,0.00,0.46,0.31,MIT,MIT,MIT
530,LOS1_YEAST,0.53,0.44,0.47,0.22,0.50,0.00,0.53,0.22,NUC,CYT,VAC
531,DLDH_YEAST,0.48,0.48,0.50,0.47,0.50,0.00,0.55,0.22,MIT,MIT,MIT
532,LYP1_YEAST,0.46,0.14,0.36,0.21,0.50,0.00,0.50,0.25,ME3,ME3,ME3
533,LYS1_YEAST,0.50,0.45,0.48,0.17,0.50,0.00,0.50,0.26,CYT,CYT,VAC
534,LY14_YEAST,0.44,0.53,0.43,0.17,0.50,0.00,0.54,0.75,NUC,NUC,NUC
535,LYS2_YEAST,0.46,0.47,0.46,0.16,0.50,0.00,0.51,0.22,CYT,CYT,POX
536,MAC1_YEAST,0.52,0.49,0.57,0.57,0.50,0.00,0.51,0.22,NUC,MIT,MIT
537,MAD1_YEAST,0.62,0.64,0.56,0.20,0.50,0.00,0.48,0.33,NUC,CYT,MIT
538,MAG_YEAST,0.46,0.32,0.58,0.17,0.50,0.00,0.61,0.25,NUC,CYT,CYT
539,MK11_YEAST,0.78,0.48,0.47,0.30,0.50,0.00,0.53,0.47,ME2,NUC,ME2
540,MK16_YEAST,0.49,0.62,0.65,0.18,0.50,0.00,0.46,0.43,NUC,NUC,NUC
541,MAK3_YEAST,0.50,0.34,0.62,0.19,0.50,0.00,0.57,0.22,CYT,CYT,CYT
542,MA3T_YEAST,0.39,0.37,0.33,0.23,0.50,0.00,0.53,0.26,ME3,ME3,VAC
543,MA3S_YEAST,0.39,0.37,0.56,0.15,0.50,0.00,0.50,0.27,CYT,NUC,VAC
544,MA3R_YEAST,0.33,0.37,0.54,0.28,0.50,0.00,0.53,0.27,NUC,NUC,NUC
545,MA6T_YEAST,0.39,0.37,0.33,0.23,0.50,0.00,0.52,0.26,ME3,ME3,VAC
546,MA6R_YEAST,0.33,0.38,0.53,0.26,0.50,0.00,0.52,0.27,NUC,NUC,NUC
547,AMPM_YEAST,0.48,0.51,0.57,0.24,0.50,0.00,0.50,0.22,CYT,NUC,POX
548,MPP2_YEAST,0.50,0.62,0.54,0.66,0.50,0.00,0.49,0.22,MIT,MIT,MIT
549,MPP1_YEAST,0.47,0.54,0.54,0.48,0.50,0.00,0.53,0.26,MIT,MIT,MIT
550,OM20_YEAST,0.72,0.58,0.42,0.28,0.50,0.00,0.48,0.22,MIT,ME2,ME2
551,MAS6_YEAST,0.41,0.41,0.51,0.19,0.50,0.00,0.57,0.22,MIT,CYT,CYT
552,OM70_YEAST,0.81,0.65,0.52,0.41,0.50,0.00,0.57,0.26,MIT,ME2,EXC
553,MBP1_YEAST,0.50,0.49,0.52,0.20,0.50,0.00,0.43,0.52,NUC,NUC,NUC
554,MCM1_YEAST,0.18,0.48,0.46,0.12,0.50,0.00,0.00,0.25,NUC,NUC,NUC
555,MCM2_YEAST,0.26,0.38,0.52,0.36,0.50,0.00,0.48,0.56,NUC,NUC,NUC
556,MCM3_YEAST,0.53,0.51,0.51,0.11,0.50,0.00,0.49,0.41,NUC,NUC,NUC
557,MDHM_YEAST,0.58,0.49,0.50,0.41,0.50,0.00,0.57,0.22,MIT,MIT,MIT
558,MDHC_YEAST,0.62,0.60,0.47,0.16,0.50,0.00,0.53,0.22,CYT,MIT,MIT
559,MDHP_YEAST,0.68,0.58,0.51,0.19,0.50,0.83,0.54,0.22,POX,POX,POX
560,MDJ1_YEAST,0.40,0.52,0.53,0.52,0.50,0.00,0.51,0.22,MIT,MIT,MIT
561,MDL1_YEAST,0.51,0.47,0.41,0.44,0.50,0.00,0.50,0.22,ME3,MIT,VAC
562,MDL2_YEAST,0.72,0.56,0.40,0.26,0.50,0.00,0.51,0.26,ME2,ME2,ME2
563,MDM1_YEAST,0.49,0.44,0.45,0.22,0.50,0.00,0.51,0.22,CYT,CYT,POX
564,MD10_YEAST,0.32,0.47,0.55,0.25,0.50,0.00,0.49,0.22,MIT,CYT,NUC
565,MDS1_YEAST,0.46,0.57,0.52,0.28,0.50,0.00,0.52,0.22,NUC,CYT,CYT
566,EFG1_YEAST,0.53,0.48,0.45,0.44,0.50,0.00,0.49,0.27,MIT,MIT,VAC
567,EFG2_YEAST,0.49,0.48,0.46,0.63,0.50,0.00,0.52,0.22,MIT,MIT,MIT
568,MEIX_YEAST,0.70,0.53,0.42,0.22,0.50,0.00,0.51,0.28,NUC,ME2,ME2
569,AGAL_YEAST,0.68,0.68,0.49,0.15,0.50,0.00,0.53,0.22,EXC,CYT,VAC
570,MEP1_YEAST,0.47,0.60,0.35,0.21,0.50,0.00,0.52,0.22,ME3,ME3,ME3
571,MER1_YEAST,0.55,0.49,0.45,0.18,0.50,0.00,0.49,0.22,NUC,CYT,ME3
572,MER2_YEAST,0.40,0.53,0.61,0.21,0.50,0.00,0.48,0.33,NUC,NUC,NUC
573,SYMC_YEAST,0.57,0.44,0.42,0.20,0.50,0.00,0.54,0.22,CYT,CYT,ME2
574,MET2_YEAST,0.40,0.47,0.48,0.18,0.50,0.00,0.46,0.22,CYT,CYT,CYT
575,MT17_YEAST,0.34,0.54,0.54,0.13,0.50,0.00,0.52,0.22,CYT,CYT,VAC
576,MT28_YEAST,0.43,0.83,0.55,0.20,0.50,0.00,0.47,0.40,NUC,NUC,NUC
577,MET4_YEAST,0.55,0.65,0.50,0.28,0.50,0.00,0.55,0.22,NUC,CYT,CYT
578,METE_YEAST,0.29,0.46,0.54,0.27,0.50,0.00,0.49,0.22,CYT,NUC,NUC
579,MFA2_YEAST,0.46,0.42,0.60,0.21,0.50,0.00,0.40,0.22,EXC,CYT,CYT
580,MFA3_YEAST,0.80,0.81,0.55,0.35,0.50,0.00,0.42,0.22,EXC,EXC,EXC
581,MFA4_YEAST,0.79,0.74,0.49,0.33,0.50,0.00,0.48,0.22,EXC,EXC,EXC
582,GRPE_YEAST,0.45,0.48,0.63,0.67,0.50,0.00,0.48,0.22,MIT,MIT,MIT
583,MGM1_YEAST,0.66,0.52,0.52,0.44,0.50,0.00,0.56,0.27,MIT,MIT,VAC
584,M101_YEAST,0.50,0.49,0.59,0.47,0.50,0.00,0.49,0.36,MIT,MIT,MIT
585,MGMT_YEAST,0.54,0.52,0.54,0.20,0.50,0.00,0.55,0.25,NUC,CYT,CYT
586,MIF2_YEAST,0.37,0.31,0.53,0.16,0.50,0.00,0.53,0.44,NUC,NUC,NUC
587,MIG1_YEAST,0.43,0.39,0.59,0.13,0.50,0.00,0.41,0.43,NUC,CYT,NUC
588,DPOG_YEAST,0.48,0.47,0.54,0.55,0.50,0.00,0.51,0.65,MIT,NUC,NUC
589,MPCP_YEAST,0.60,0.59,0.45,0.23,0.50,0.00,0.55,0.22,MIT,CYT,ME2
590,C1TM_YEAST,0.45,0.73,0.47,0.65,0.50,0.00,0.54,0.43,MIT,MIT,MIT
591,MLH1_YEAST,0.66,0.54,0.49,0.16,0.50,0.00,0.54,0.36,NUC,CYT,CYT
592,MLP1_YEAST,0.46,0.55,0.61,0.13,0.50,0.00,0.47,0.22,CYT,CYT,VAC
593,MASY_YEAST,0.42,0.50,0.53,0.22,0.50,0.83,0.50,0.22,POX,POX,POX
594,MNN1_YEAST,0.66,0.66,0.32,0.54,0.50,0.00,0.51,0.22,ME2,MIT,MIT
595,MNN9_YEAST,0.74,0.56,0.35,0.36,0.50,0.00,0.51,0.25,ME2,ME2,ME2
596,MNS1_YEAST,0.89,0.52,0.41,0.26,0.50,0.00,0.52,0.31,ME2,ME2,ME2
597,MOD5_YEAST,0.67,0.51,0.54,0.21,0.50,0.00,0.43,0.30,MIT,CYT,CYT
598,MOT1_YEAST,0.58,0.46,0.46,0.34,0.50,0.00,0.50,0.43,NUC,CYT,NUC
599,MPI1_YEAST,0.40,0.68,0.50,0.82,0.50,0.00,0.44,0.36,MIT,MIT,MIT
600,MPI2_YEAST,0.59,0.57,0.43,0.26,0.50,0.00,0.51,0.22,MIT,CYT,ME2
601,MR11_YEAST,0.39,0.30,0.56,0.12,0.50,0.00,0.53,0.38,NUC,NUC,VAC
602,RF1M_YEAST,0.60,0.62,0.54,0.40,0.50,0.00,0.50,0.22,MIT,MIT,EXC
603,RT01_YEAST,0.36,0.40,0.53,0.48,0.50,0.00,0.48,0.22,MIT,CYT,MIT
604,RT13_YEAST,0.51,0.42,0.56,0.38,0.50,0.00,0.46,0.22,MIT,MIT,MIT
605,RT17_YEAST,0.41,0.54,0.58,0.20,0.50,0.00,0.52,0.22,MIT,CYT,CYT
606,RT02_YEAST,0.57,0.40,0.62,0.30,0.50,0.00,0.48,0.11,MIT,CYT,MIT
607,RM41_YEAST,0.52,0.50,0.59,0.31,0.50,0.00,0.50,0.22,MIT,CYT,POX
608,RT04_YEAST,0.42,0.53,0.53,0.64,0.50,0.00,0.47,0.22,MIT,MIT,MIT
609,RM49_YEAST,0.50,0.46,0.64,0.36,0.50,0.00,0.49,0.22,MIT,MIT,MIT
610,RM02_YEAST,0.60,0.51,0.60,0.38,0.50,0.83,0.52,0.24,MIT,POX,POX
611,RT08_YEAST,0.45,0.38,0.64,0.14,0.50,0.00,0.54,0.22,MIT,CYT,VAC
612,RM13_YEAST,0.60,0.57,0.64,0.52,0.50,0.00,0.47,0.28,MIT,MIT,MIT
613,RM16_YEAST,0.53,0.42,0.58,0.29,0.50,0.00,0.50,0.22,MIT,CYT,POX
614,RM20_YEAST,0.41,0.52,0.53,0.41,0.50,0.00,0.39,0.33,MIT,MIT,MIT
615,RM25_YEAST,0.45,0.43,0.63,0.40,0.50,0.00,0.59,0.11,MIT,CYT,POX
616,RM27_YEAST,0.44,0.44,0.67,0.35,0.50,0.00,0.48,0.26,MIT,MIT,MIT
617,RM31_YEAST,0.58,0.52,0.61,0.33,0.50,0.00,0.38,0.11,MIT,CYT,MIT
618,RM32_YEAST,0.57,0.61,0.55,0.27,0.50,0.00,0.44,0.21,MIT,CYT,MIT
619,RM33_YEAST,0.57,0.58,0.58,0.35,0.50,0.00,0.49,0.22,MIT,MIT,MIT
620,RM36_YEAST,0.64,0.64,0.56,0.21,0.50,0.00,0.50,0.22,MIT,CYT,VAC
621,RM37_YEAST,0.56,0.50,0.61,0.49,0.50,0.00,0.46,0.28,MIT,MIT,MIT
622,RM38_YEAST,0.60,0.46,0.59,0.16,0.50,0.00,0.49,0.22,MIT,CYT,CYT
623,RM04_YEAST,0.36,0.38,0.56,0.44,0.50,0.00,0.48,0.22,MIT,NUC,MIT
624,RM44_YEAST,0.53,0.52,0.61,0.35,0.50,0.00,0.50,0.22,MIT,MIT,MIT
625,RM06_YEAST,0.62,0.59,0.54,0.47,0.50,0.00,0.46,0.22,MIT,MIT,MIT
626,RM08_YEAST,0.55,0.50,0.60,0.31,0.50,0.00,0.46,0.27,MIT,MIT,MIT
627,RM09_YEAST,0.58,0.53,0.57,0.46,0.50,0.00,0.51,0.27,MIT,MIT,MIT
628,RT28_YEAST,0.65,0.53,0.55,0.52,0.50,0.00,0.47,0.27,MIT,MIT,MIT
629,RT05_YEAST,0.38,0.54,0.54,0.41,0.50,0.00,0.51,0.22,MIT,MIT,MIT
630,RT09_YEAST,0.58,0.53,0.50,0.53,0.50,0.00,0.47,0.31,MIT,MIT,MIT
631,MRS1_YEAST,0.61,0.46,0.51,0.37,0.50,0.00,0.51,0.22,MIT,CYT,CYT
632,MRS2_YEAST,0.55,0.59,0.47,0.64,0.50,0.00,0.54,0.33,MIT,MIT,MIT
633,MRS3_YEAST,0.54,0.64,0.50,0.13,0.50,0.00,0.49,0.22,MIT,MIT,EXC
634,MRS4_YEAST,0.40,0.74,0.49,0.16,0.50,0.00,0.51,0.22,MIT,CYT,ME2
635,MSB2_YEAST,0.76,0.76,0.35,0.27,0.50,0.00,0.44,0.22,ME1,ME1,ME1
636,SYDM_YEAST,0.51,0.56,0.51,0.42,0.50,0.00,0.53,0.36,MIT,MIT,VAC
637,SYFM_YEAST,0.43,0.32,0.50,0.29,0.50,0.00,0.50,0.22,MIT,NUC,POX
638,MSH1_YEAST,0.49,0.44,0.45,0.55,0.50,0.00,0.48,0.22,MIT,MIT,MIT
639,MSH2_YEAST,0.32,0.45,0.44,0.20,0.50,0.00,0.55,0.33,NUC,NUC,ME2
640,MSH3_YEAST,0.51,0.60,0.51,0.26,0.50,0.00,0.54,0.22,NUC,CYT,CYT
641,MSH4_YEAST,0.49,0.46,0.42,0.46,0.50,0.00,0.55,0.22,NUC,MIT,MIT
642,SYKM_YEAST,0.50,0.56,0.49,0.61,0.50,0.00,0.50,0.22,MIT,MIT,MIT
643,SYMM_YEAST,0.51,0.48,0.51,0.43,0.50,0.00,0.49,0.22,MIT,MIT,MIT
644,MSN1_YEAST,0.52,0.38,0.62,0.12,0.50,0.00,0.41,0.28,NUC,CYT,CYT
645,MSN2_YEAST,0.53,0.40,0.57,0.12,0.50,0.00,0.53,0.32,NUC,NUC,NUC
646,MSN4_YEAST,0.51,0.56,0.62,0.24,0.50,0.00,0.52,0.51,NUC,NUC,NUC
647,MSP1_YEAST,0.63,0.60,0.50,0.27,0.50,0.00,0.55,0.22,MIT,CYT,CYT
648,SYR_YEAST,0.46,0.44,0.53,0.31,0.50,0.00,0.48,0.22,MIT,CYT,EXC
649,MSS1_YEAST,0.58,0.57,0.54,0.69,0.50,0.00,0.54,0.22,MIT,MIT,MIT
650,MS16_YEAST,0.61,0.59,0.47,0.49,0.50,0.00,0.54,0.22,MIT,MIT,VAC
651,MS18_YEAST,0.63,0.47,0.56,0.12,0.50,0.00,0.50,0.22,MIT,CYT,CYT
652,MS51_YEAST,0.55,0.53,0.54,0.40,0.50,0.00,0.48,0.22,MIT,MIT,MIT
653,SYTM_YEAST,0.41,0.47,0.58,0.62,0.50,0.00,0.50,0.22,MIT,MIT,MIT
654,SYWM_YEAST,0.44,0.53,0.53,0.37,0.50,0.00,0.51,0.22,MIT,CYT,MIT
655,MTD1_YEAST,0.57,0.40,0.48,0.24,0.50,0.00,0.55,0.22,CYT,CYT,VAC
656,MTF1_YEAST,0.46,0.46,0.56,0.12,0.50,0.00,0.55,0.22,MIT,CYT,CYT
657,RU1A_YEAST,0.47,0.46,0.55,0.28,0.50,0.00,0.44,0.46,NUC,NUC,NUC
658,YKH4_YEAST,0.39,0.35,0.49,0.17,0.50,0.00,0.49,0.22,NUC,NUC,VAC
659,MYS1_YEAST,0.58,0.38,0.40,0.21,0.50,0.00,0.50,0.22,CYT,CYT,ME3
660,MYS2_YEAST,0.53,0.41,0.50,0.24,1.00,0.00,0.47,0.22,CYT,CYT,ERL
661,MYS4_YEAST,0.43,0.40,0.50,0.18,0.50,0.00,0.50,0.28,CYT,CYT,CYT
662,YN19_YEAST,0.41,0.59,0.46,0.19,0.50,0.00,0.36,0.22,EXC,CYT,NUC
663,YN46_YEAST,0.58,0.56,0.52,0.25,0.50,0.00,0.57,0.35,NUC,NUC,NUC
664,YN70_YEAST,0.51,0.65,0.53,0.19,0.50,0.00,0.49,0.22,EXC,NUC,MIT
665,YN94_YEAST,0.81,0.79,0.32,0.37,0.50,0.00,0.41,0.22,ME1,ME1,ME1
666,YNE2_YEAST,0.44,0.41,0.29,0.21,0.50,0.00,0.49,0.22,ME3,ME3,ME3
667,NAB1_YEAST,0.49,0.60,0.55,0.17,0.50,0.00,0.44,0.22,CYT,NUC,NUC
668,NAB2_YEAST,0.56,0.63,0.52,0.20,0.50,0.00,0.34,0.26,NUC,MIT,MIT
669,NAB3_YEAST,0.42,0.28,0.57,0.18,0.50,0.00,0.42,0.22,NUC,NUC,MIT
670,NAM1_YEAST,0.51,0.46,0.54,0.41,0.50,0.00,0.53,0.22,MIT,MIT,MIT
671,SYLM_YEAST,0.60,0.51,0.52,0.45,0.50,0.00,0.50,0.27,MIT,MIT,MIT
672,NAM7_YEAST,0.37,0.41,0.45,0.14,0.50,0.00,0.47,0.22,CYT,CYT,ME2
673,NAM9_YEAST,0.37,0.51,0.57,0.40,0.50,0.00,0.48,0.27,MIT,MIT,MIT
674,NAP1_YEAST,0.36,0.39,0.55,0.26,0.50,0.00,0.49,0.22,NUC,NUC,NUC
675,NAT1_YEAST,0.50,0.36,0.53,0.41,0.50,0.00,0.55,0.36,CYT,MIT,MIT
676,NAT2_YEAST,0.59,0.58,0.39,0.52,0.50,0.00,0.50,0.31,CYT,MIT,MIT
677,NCPR_YEAST,0.78,0.63,0.53,0.13,0.50,0.00,0.54,0.22,ME2,CYT,POX
678,NDC1_YEAST,0.47,0.59,0.37,0.31,0.50,0.00,0.51,0.36,NUC,ME3,ME3
679,CB31_YEAST,0.48,0.62,0.52,0.30,0.50,0.00,0.51,0.37,NUC,NUC,NUC
680,NDI1_YEAST,0.53,0.61,0.51,0.49,0.50,0.00,0.54,0.27,MIT,MIT,MIT
681,NFS1_YEAST,0.48,0.54,0.53,0.60,0.50,0.00,0.53,0.31,NUC,MIT,MIT
682,ADA3_YEAST,0.33,0.46,0.53,0.29,0.50,0.00,0.50,0.55,NUC,NUC,NUC
683,NHP2_YEAST,0.36,0.44,0.51,0.17,0.50,0.00,0.60,0.19,NUC,CYT,VAC
684,NHPA_YEAST,0.39,0.34,0.68,0.30,0.50,0.00,0.50,0.29,NUC,NUC,NUC
685,NHPB_YEAST,0.11,0.41,0.67,0.13,0.50,0.00,0.45,0.29,NUC,CYT,CYT
686,NI96_YEAST,0.40,0.53,0.44,0.18,0.50,0.00,0.54,0.31,NUC,ME3,ME3
687,NIN1_YEAST,0.47,0.50,0.55,0.19,0.50,0.00,0.62,0.22,CYT,CYT,CYT
688,NIP1_YEAST,0.35,0.50,0.44,0.27,0.50,0.00,0.51,0.22,CYT,ME3,ME3
689,NMD2_YEAST,0.36,0.30,0.50,0.19,0.50,0.00,0.55,0.30,NUC,NUC,VAC
690,NMT_YEAST,0.49,0.44,0.51,0.18,0.50,0.00,0.52,0.27,CYT,CYT,CYT
691,FBRL_YEAST,0.35,0.44,0.54,0.26,0.50,0.00,0.52,0.26,NUC,NUC,NUC
692,NOP2_YEAST,0.43,0.28,0.53,0.34,0.50,0.00,0.55,0.57,NUC,NUC,NUC
693,NOP4_YEAST,0.33,0.48,0.55,0.16,0.50,0.00,0.53,0.75,NUC,NUC,NUC
694,NOT3_YEAST,0.45,0.21,0.49,0.24,0.50,0.00,0.46,0.31,NUC,NUC,NUC
695,NOP3_YEAST,0.44,0.34,0.61,0.13,0.50,0.00,0.49,0.26,NUC,CYT,VAC
696,NSP1_YEAST,0.87,0.47,0.60,0.47,0.50,0.00,0.59,0.22,NUC,MIT,ME2
697,NSR1_YEAST,0.30,0.55,0.58,0.16,0.50,0.00,0.61,0.28,NUC,CYT,CYT
698,TREA_YEAST,0.29,0.34,0.55,0.24,0.50,0.00,0.51,0.22,CYT,NUC,NUC
699,NUC1_YEAST,0.75,0.67,0.51,0.29,0.50,0.00,0.52,0.36,MIT,EXC,EXC
700,RNC1_YEAST,0.47,0.47,0.50,0.15,0.50,0.00,0.50,0.48,NUC,NUC,NUC
701,NUF1_YEAST,0.51,0.34,0.49,0.16,0.50,0.00,0.53,0.21,NUC,NUC,VAC
702,NUF2_YEAST,0.64,0.76,0.51,0.18,0.50,0.00,0.46,0.22,NUC,EXC,EXC
703,NUP1_YEAST,0.45,0.41,0.58,0.48,0.50,0.00,0.53,0.64,NUC,NUC,NUC
704,N100_YEAST,0.90,0.54,0.59,0.20,0.50,0.00,0.48,0.22,NUC,CYT,POX
705,N116_YEAST,0.88,0.59,0.54,0.39,0.50,0.00,0.41,0.30,NUC,EXC,EXC
706,YK62_YEAST,0.70,0.51,0.47,0.24,0.50,0.00,0.53,0.25,NUC,MIT,ME2
707,NUP2_YEAST,0.25,0.36,0.58,0.30,0.50,0.00,0.58,0.31,NUC,NUC,NUC
708,NU49_YEAST,0.69,0.62,0.49,0.00,1.00,0.00,0.47,0.22,NUC,CYT,ERL
709,OCH1_YEAST,0.83,0.57,0.42,0.57,0.50,0.00,0.50,0.32,ME2,ME2,ME2
710,ACO1_YEAST,0.43,0.38,0.38,0.12,0.50,0.00,0.50,0.22,ME2,ME3,ME3
711,ATP9_YEAST,0.78,0.65,0.40,0.16,0.50,0.00,0.63,0.22,MIT,ME1,ME1
712,ATP6_YEAST,0.52,0.64,0.34,0.16,0.50,0.00,0.57,0.22,MIT,ME3,ME3
713,OM45_YEAST,0.75,0.66,0.64,0.39,0.50,0.00,0.46,0.32,MIT,EXC,EXC
714,PORI_YEAST,0.41,0.49,0.58,0.22,0.50,0.00,0.52,0.22,MIT,CYT,CYT
715,OPI1_YEAST,0.58,0.51,0.56,0.16,0.50,0.00,0.34,0.22,NUC,CYT,CYT
716,PEM2_YEAST,0.48,0.49,0.45,0.23,0.50,0.00,0.51,0.22,ME3,CYT,POX
717,ORC2_YEAST,0.39,0.42,0.49,0.10,0.50,0.00,0.49,0.65,NUC,NUC,NUC
718,YHR8_YEAST,0.31,0.42,0.48,0.17,0.50,0.00,0.49,0.53,NUC,NUC,NUC
719,YM38_YEAST,0.39,0.28,0.54,0.14,0.50,0.00,0.59,0.22,MIT,NUC,VAC
720,YINO_YEAST,0.76,0.67,0.37,0.22,0.50,0.00,0.54,0.22,ME2,ME1,ME1
721,YDA2_YEAST,0.49,0.27,0.57,0.18,0.50,0.83,0.54,0.22,POX,POX,POX
722,PABP_YEAST,0.28,0.48,0.56,0.16,0.50,0.00,0.48,0.26,CYT,CYT,CYT
723,PAN1_YEAST,0.69,0.39,0.52,0.12,0.50,0.00,0.38,0.35,CYT,CYT,ME2
724,PAP_YEAST,0.64,0.52,0.50,0.26,0.50,0.00,0.51,0.31,NUC,CYT,CYT
725,PAS1_YEAST,0.56,0.48,0.50,0.30,0.50,0.00,0.51,0.22,CYT,CYT,CYT
726,PTSR_YEAST,0.50,0.50,0.54,0.16,0.50,0.00,0.49,0.22,POX,CYT,POX
727,UBCX_YEAST,0.47,0.43,0.59,0.27,0.50,0.00,0.55,0.22,POX,CYT,CYT
728,PAS3_YEAST,0.68,0.59,0.44,0.49,0.50,0.00,0.40,0.26,POX,MIT,MIT
729,PAS7_YEAST,0.50,0.51,0.57,0.27,0.50,0.00,0.48,0.22,POX,CYT,NUC
730,IPB2_YEAST,0.45,0.46,0.61,0.20,0.50,0.00,0.62,0.22,CYT,CYT,CYT
731,ATC2_YEAST,0.53,0.51,0.36,0.13,0.50,0.00,0.52,0.22,ME3,ME3,ME3
732,ODPA_YEAST,0.60,0.54,0.54,0.53,0.50,0.00,0.52,0.27,MIT,MIT,VAC
733,ODPB_YEAST,0.49,0.52,0.53,0.70,0.50,0.00,0.51,0.22,MIT,MIT,MIT
734,DCP1_YEAST,0.49,0.45,0.53,0.16,0.50,0.00,0.49,0.31,CYT,CYT,CYT
735,PDC2_YEAST,0.51,0.46,0.57,0.25,0.50,0.00,0.53,0.22,CYT,CYT,POX
736,DCP2_YEAST,0.49,0.45,0.46,0.18,0.50,0.00,0.49,0.31,CYT,CYT,CYT
737,DCP3_YEAST,0.52,0.46,0.51,0.18,0.50,0.00,0.50,0.22,CYT,CYT,CYT
738,CNA1_YEAST,0.55,0.59,0.52,0.10,0.50,0.00,0.53,0.22,CYT,CYT,CYT
739,CNA2_YEAST,0.39,0.58,0.50,0.10,0.50,0.00,0.51,0.25,CYT,CYT,NUC
740,PDI_YEAST,0.70,0.84,0.49,0.28,1.00,0.00,0.58,0.22,ERL,ERL,ERL
741,PDR1_YEAST,0.33,0.38,0.45,0.19,0.50,0.00,0.54,0.37,NUC,NUC,ME2
742,PDR3_YEAST,0.61,0.46,0.44,0.47,0.50,0.00,0.50,0.37,NUC,MIT,VAC
743,PDR5_YEAST,0.41,0.48,0.38,0.13,0.50,0.00,0.51,0.35,ME3,ME3,ME3
744,PDS1_YEAST,0.37,0.42,0.60,0.13,0.50,0.00,0.51,0.22,NUC,CYT,CYT
745,ODPX_YEAST,0.45,0.58,0.59,0.44,0.50,0.00,0.56,0.22,MIT,CYT,MIT
746,PEP1_YEAST,0.74,0.89,0.32,0.24,0.50,0.00,0.54,0.32,ME1,ME1,ME1
747,PE12_YEAST,0.28,0.46,0.26,0.18,0.50,0.00,0.39,0.22,VAC,ME3,ME3
748,PEP3_YEAST,0.51,0.46,0.49,0.21,0.50,0.00,0.55,0.22,VAC,CYT,CYT
749,CARP_YEAST,0.80,0.82,0.57,0.26,0.50,0.00,0.57,0.27,VAC,EXC,EXC
750,END1_YEAST,0.46,0.49,0.45,0.28,0.50,0.00,0.55,0.22,VAC,CYT,POX
751,PEP8_YEAST,0.40,0.36,0.55,0.15,0.50,0.00,0.53,0.22,VAC,CYT,VAC
752,PES4_YEAST,0.67,0.46,0.58,0.30,0.50,0.00,0.57,0.27,NUC,CYT,CYT
753,PT11_YEAST,0.50,0.32,0.49,0.49,0.50,0.00,0.48,0.32,MIT,NUC,POX
754,PT12_YEAST,0.45,0.53,0.47,0.43,0.50,0.00,0.50,0.27,MIT,MIT,MIT
755,PT17_YEAST,0.75,0.60,0.43,0.35,0.50,0.00,0.45,0.27,MIT,EXC,EXC
756,PT22_YEAST,0.56,0.68,0.52,0.39,0.50,0.00,0.36,0.22,MIT,MIT,EXC
757,RTPT_YEAST,0.48,0.45,0.59,0.35,0.50,0.00,0.55,0.30,MIT,CYT,POX
758,PT27_YEAST,0.26,0.28,0.60,0.20,0.50,0.00,0.54,0.31,MIT,NUC,NUC
759,PT91_YEAST,0.59,0.45,0.58,0.21,0.50,0.00,0.49,0.22,MIT,CYT,CYT
760,PT09_YEAST,0.48,0.52,0.49,0.35,0.50,0.50,0.51,0.22,MIT,POX,POX
761,PT94_YEAST,0.59,0.58,0.47,0.61,0.50,0.00,0.44,0.30,MIT,MIT,MIT
762,PT54_YEAST,0.50,0.57,0.62,0.25,0.50,0.00,0.51,0.22,MIT,CYT,POX
763,K6P1_YEAST,0.57,0.49,0.50,0.20,0.50,0.00,0.51,0.28,CYT,CYT,VAC
764,K6P2_YEAST,0.62,0.43,0.49,0.29,0.50,0.00,0.50,0.27,CYT,CYT,CYT
765,6P2K_YEAST,0.45,0.41,0.49,0.14,1.00,0.00,0.53,0.30,CYT,CYT,ERL
766,PROF_YEAST,0.47,0.49,0.60,0.15,0.50,0.00,0.38,0.22,CYT,CYT,EXC
767,PGD1_YEAST,0.41,0.48,0.54,0.24,0.50,0.00,0.37,0.51,NUC,NUC,NUC
768,G6PI_YEAST,0.46,0.46,0.53,0.23,0.50,0.00,0.51,0.22,CYT,CYT,CYT
769,PGK_YEAST,0.48,0.42,0.48,0.19,0.50,0.00,0.58,0.22,CYT,CYT,VAC
770,PGM1_YEAST,0.43,0.45,0.53,0.19,0.50,0.00,0.56,0.22,CYT,CYT,CYT
771,PGM2_YEAST,0.28,0.36,0.55,0.15,0.50,0.00,0.57,0.22,CYT,CYT,VAC
772,PHD1_YEAST,0.48,0.46,0.58,0.26,0.50,0.00,0.44,0.22,NUC,CYT,POX
773,PPAB_YEAST,0.74,0.72,0.50,0.28,0.50,0.00,0.50,0.27,EXC,EXC,EXC
774,PPAC_YEAST,0.74,0.72,0.50,0.28,0.50,0.00,0.49,0.27,EXC,EXC,EXC
775,PNPP_YEAST,0.38,0.62,0.52,0.14,0.50,0.00,0.53,0.22,CYT,CYT,CYT
776,PPA3_YEAST,0.77,0.72,0.48,0.26,0.50,0.00,0.51,0.22,EXC,EXC,EXC
777,PHO4_YEAST,0.44,0.42,0.57,0.22,0.50,0.00,0.50,0.25,NUC,CYT,CYT
778,PPA5_YEAST,0.74,0.74,0.51,0.27,0.50,0.00,0.50,0.22,EXC,EXC,EXC
779,PPB_YEAST,0.39,0.81,0.35,0.28,0.50,0.00,0.51,0.45,ME3,ME3,ME3
780,PH80_YEAST,0.53,0.54,0.43,0.18,0.50,0.00,0.53,0.31,NUC,CYT,ME2
781,PH84_YEAST,0.38,0.45,0.37,0.19,0.50,0.00,0.52,0.30,ME3,ME3,ME3
782,PH85_YEAST,0.40,0.37,0.54,0.13,0.50,0.00,0.48,0.22,NUC,NUC,VAC
783,YCS7_YEAST,0.31,0.30,0.34,0.19,0.50,0.00,0.55,0.30,ME3,ME3,ME3
784,PHR_YEAST,0.50,0.42,0.57,0.49,0.50,0.00,0.48,0.27,NUC,MIT,MIT
785,PIF1_YEAST,0.59,0.61,0.51,0.62,0.50,0.00,0.51,0.38,MIT,MIT,MIT
786,PIK1_YEAST,0.45,0.40,0.43,0.22,0.50,0.00,0.51,0.48,NUC,NUC,NUC
787,LONM_YEAST,0.47,0.54,0.53,0.77,0.50,0.00,0.52,0.36,MIT,MIT,MIT
788,PIR1_YEAST,0.77,0.78,0.51,0.28,0.50,0.00,0.33,0.22,EXC,EXC,EXC
789,H150_YEAST,0.74,0.71,0.52,0.30,0.50,0.00,0.27,0.22,EXC,EXC,EXC
790,PIR3_YEAST,0.77,0.73,0.51,0.27,0.50,0.00,0.34,0.22,EXC,EXC,EXC
791,PIS_YEAST,0.47,0.61,0.50,0.23,0.50,0.00,0.49,0.22,ME3,NUC,EXC
792,PLB1_YEAST,0.78,0.69,0.44,0.26,0.50,0.00,0.54,0.22,ME1,ME1,ME1
793,ATH1_YEAST,0.49,0.60,0.30,0.34,0.50,0.00,0.50,0.43,ME3,ME3,ME3
794,ATH2_YEAST,0.27,0.56,0.30,0.14,0.50,0.00,0.52,0.39,ME3,ME3,ME3
795,ATC3_YEAST,0.40,0.39,0.33,0.17,0.50,0.00,0.51,0.31,VAC,ME3,ME3
796,MANA_YEAST,0.55,0.51,0.54,0.20,0.50,0.00,0.56,0.22,CYT,NUC,ME2
797,PMP1_YEAST,0.95,0.71,0.27,0.39,0.50,0.00,0.31,0.22,ME2,ME1,ME1
798,PMP2_YEAST,0.97,0.71,0.29,0.42,0.50,0.00,0.35,0.22,ME2,ME1,ME1
799,ATC1_YEAST,0.44,0.43,0.34,0.21,0.50,0.00,0.55,0.40,ME3,ME3,ME3
800,ATN1_YEAST,0.39,0.49,0.30,0.19,0.50,0.00,0.52,0.31,ME3,ME3,ME3
801,PMS1_YEAST,0.38,0.48,0.51,0.13,0.50,0.00,0.50,0.32,NUC,NUC,ME2
802,PMT1_YEAST,0.37,0.51,0.39,0.18,0.50,0.00,0.51,0.27,ME3,ME3,ME3
803,PMT2_YEAST,0.27,0.49,0.36,0.26,0.50,0.00,0.49,0.26,ME3,ME3,ME3
804,POB1_YEAST,0.49,0.48,0.52,0.20,0.50,0.00,0.55,0.22,NUC,CYT,VAC
805,DPOA_YEAST,0.36,0.39,0.54,0.16,0.50,0.00,0.50,0.28,NUC,CYT,VAC
806,DPO2_YEAST,0.54,0.53,0.48,0.14,0.50,0.00,0.49,0.33,NUC,CYT,NUC
807,DPOE_YEAST,0.37,0.48,0.50,0.26,0.50,0.00,0.52,0.39,NUC,NUC,NUC
808,DPOD_YEAST,0.25,0.39,0.50,0.23,0.50,0.00,0.50,0.28,NUC,NUC,NUC
809,PCNA_YEAST,0.49,0.71,0.54,0.13,0.50,0.00,0.58,0.22,NUC,CYT,EXC
810,DPO4_YEAST,0.56,0.50,0.56,0.26,0.50,0.00,0.53,0.27,NUC,CYT,CYT
811,P152_YEAST,0.41,0.53,0.41,0.15,0.50,0.00,0.54,0.25,NUC,ME3,ME3
812,POP2_YEAST,0.50,0.45,0.53,0.21,0.50,0.00,0.28,0.22,NUC,CYT,NUC
813,CAO_YEAST,0.46,0.37,0.48,0.36,0.50,0.00,0.48,0.22,POX,MIT,EXC
814,PPA1_YEAST,0.66,0.55,0.34,0.20,0.50,0.00,0.62,0.22,ME3,ME2,ME2
815,IPY2_YEAST,0.42,0.65,0.58,0.34,0.50,0.00,0.50,0.22,MIT,NUC,MIT
816,PPCK_YEAST,0.45,0.47,0.53,0.15,0.50,0.00,0.52,0.27,CYT,CYT,NUC
817,PPR1_YEAST,0.42,0.28,0.51,0.23,0.50,0.00,0.53,0.27,NUC,NUC,VAC
818,PPX1_YEAST,0.51,0.48,0.46,0.29,0.50,0.00,0.54,0.22,CYT,CYT,VAC
819,PRTB_YEAST,0.75,0.69,0.48,0.13,0.50,0.00,0.57,0.40,VAC,CYT,ME1
820,CBPY_YEAST,0.69,0.70,0.50,0.30,0.50,0.00,0.54,0.22,VAC,EXC,EXC
821,PRTD_YEAST,0.63,0.55,0.53,0.51,0.50,0.00,0.55,0.22,VAC,MIT,MIT
822,PRCG_YEAST,0.55,0.63,0.54,0.16,0.50,0.00,0.45,0.27,CYT,NUC,MIT
823,PRCE_YEAST,0.46,0.62,0.54,0.25,0.50,0.00,0.46,0.22,CYT,NUC,EXC
824,PRCD_YEAST,0.53,0.59,0.48,0.14,0.50,0.00,0.51,0.22,CYT,MIT,MIT
825,PRCH_YEAST,0.42,0.53,0.57,0.17,0.50,0.00,0.49,0.22,CYT,CYT,CYT
826,PRC2_YEAST,0.52,0.46,0.56,0.20,0.50,0.00,0.50,0.22,CYT,CYT,CYT
827,PRC6_YEAST,0.53,0.43,0.57,0.24,0.50,0.00,0.39,0.28,CYT,CYT,EXC
828,PRI1_YEAST,0.33,0.35,0.56,0.19,0.50,0.00,0.50,0.22,NUC,CYT,VAC
829,PRI2_YEAST,0.45,0.48,0.56,0.56,0.50,0.00,0.47,0.22,NUC,MIT,MIT
830,PROB_YEAST,0.56,0.48,0.50,0.17,0.50,0.00,0.51,0.26,CYT,CYT,VAC
831,PROC_YEAST,0.77,0.57,0.45,0.17,0.50,0.00,0.53,0.22,CYT,CYT,ME2
832,PR16_YEAST,0.56,0.59,0.54,0.18,0.50,0.00,0.48,0.46,NUC,NUC,NUC
833,PR18_YEAST,0.33,0.39,0.52,0.09,0.50,0.00,0.47,0.28,NUC,NUC,NUC
834,PR19_YEAST,0.48,0.41,0.54,0.39,0.50,0.00,0.51,0.22,NUC,MIT,MIT
835,PR02_YEAST,0.30,0.30,0.46,0.32,0.50,0.00,0.45,0.22,NUC,NUC,NUC
836,PR21_YEAST,0.38,0.26,0.60,0.10,0.50,0.00,0.48,0.44,NUC,NUC,NUC
837,PR22_YEAST,0.68,0.39,0.50,0.15,0.50,0.00,0.48,0.37,NUC,CYT,CYT
838,PR28_YEAST,0.62,0.41,0.52,0.17,0.50,0.00,0.48,0.22,NUC,CYT,CYT
839,PR38_YEAST,0.52,0.37,0.48,0.13,0.50,0.00,0.55,0.22,NUC,CYT,VAC
840,PR39_YEAST,0.32,0.48,0.49,0.17,0.50,0.00,0.47,0.22,NUC,CYT,VAC
841,PR04_YEAST,0.34,0.35,0.58,0.20,0.50,0.00,0.46,0.32,NUC,NUC,VAC
842,PR05_YEAST,0.33,0.21,0.53,0.15,1.00,0.00,0.52,0.50,NUC,CYT,ME2
843,PR06_YEAST,0.49,0.45,0.57,0.24,0.50,0.00,0.47,0.38,NUC,CYT,NUC
844,PR08_YEAST,0.40,0.28,0.48,0.06,0.50,0.00,0.49,0.42,NUC,NUC,NUC
845,PR09_YEAST,0.51,0.39,0.56,0.25,0.50,0.00,0.51,0.33,NUC,CYT,NUC
846,PRC8_YEAST,0.45,0.45,0.52,0.17,0.50,0.00,0.54,0.22,CYT,CYT,CYT
847,PRC5_YEAST,0.28,0.51,0.55,0.19,0.50,0.00,0.57,0.22,CYT,CYT,VAC
848,PRC3_YEAST,0.51,0.51,0.56,0.28,0.50,0.00,0.54,0.27,CYT,CYT,POX
849,PRC9_YEAST,0.48,0.56,0.49,0.32,0.50,0.00,0.50,0.22,CYT,CYT,NUC
850,PRT1_YEAST,0.59,0.46,0.48,0.46,0.50,0.00,0.49,0.22,CYT,MIT,MIT
851,DPSD_YEAST,0.51,0.46,0.40,0.65,0.50,0.00,0.49,0.22,MIT,MIT,MIT
852,SNM1_YEAST,0.37,0.44,0.51,0.56,0.50,0.00,0.50,0.38,NUC,MIT,MIT
853,PTM1_YEAST,0.81,0.55,0.35,0.34,0.50,0.00,0.51,0.22,ME2,ME2,ME2
854,PTP1_YEAST,0.53,0.45,0.53,0.18,0.50,0.00,0.42,0.22,CYT,CYT,CYT
855,PTP2_YEAST,0.45,0.27,0.50,0.33,0.50,0.00,0.53,0.26,CYT,NUC,NUC
856,PTR2_YEAST,0.36,0.33,0.38,0.15,0.50,0.00,0.55,0.36,ME3,ME3,ME3
857,PUB1_YEAST,0.48,0.50,0.56,0.11,0.50,0.00,0.33,0.22,CYT,CYT,POX
858,PRCF_YEAST,0.35,0.47,0.53,0.19,0.50,0.00,0.48,0.22,CYT,CYT,CYT
859,PRCZ_YEAST,0.48,0.48,0.56,0.18,0.50,0.00,0.58,0.22,CYT,CYT,CYT
860,PUT1_YEAST,0.60,0.59,0.47,0.47,0.50,0.00,0.53,0.22,MIT,MIT,MIT
861,PUT2_YEAST,0.45,0.53,0.51,0.42,0.50,0.00,0.52,0.22,MIT,MIT,MIT
862,PUT3_YEAST,0.29,0.40,0.41,0.48,0.50,0.00,0.53,0.30,NUC,NUC,NUC
863,PUT4_YEAST,0.58,0.53,0.33,0.26,0.50,0.00,0.51,0.22,ME3,ME3,VAC
864,PYC1_YEAST,0.46,0.43,0.50,0.24,0.50,0.00,0.48,0.31,CYT,CYT,CYT
865,PYC2_YEAST,0.43,0.46,0.50,0.21,0.50,0.00,0.49,0.34,CYT,CYT,NUC
866,KPYK_YEAST,0.61,0.55,0.51,0.26,0.50,0.00,0.52,0.22,CYT,CYT,VAC
867,UCRX_YEAST,0.50,0.62,0.52,0.30,0.50,0.00,0.56,0.22,MIT,CYT,CYT
868,UCR2_YEAST,0.49,0.45,0.54,0.40,0.50,0.00,0.55,0.22,MIT,MIT,MIT
869,UCR6_YEAST,0.64,0.53,0.59,0.14,0.50,0.00,0.53,0.22,MIT,CYT,VAC
870,UCRQ_YEAST,0.57,0.60,0.54,0.17,0.50,0.00,0.52,0.22,MIT,CYT,CYT
871,UCR8_YEAST,0.38,0.31,0.59,0.19,0.50,0.00,0.46,0.22,MIT,NUC,VAC
872,UCR9_YEAST,0.68,0.53,0.44,0.31,0.50,0.00,0.51,0.22,MIT,MIT,ME2
873,RAD1_YEAST,0.24,0.41,0.47,0.16,0.50,0.00,0.51,0.38,NUC,NUC,ME2
874,RA10_YEAST,0.61,0.39,0.53,0.14,0.50,0.00,0.43,0.26,NUC,CYT,VAC
875,RA14_YEAST,0.39,0.16,0.59,0.08,0.50,0.00,0.51,0.27,NUC,NUC,NUC
876,RA16_YEAST,0.33,0.28,0.50,0.40,0.50,0.00,0.46,0.61,NUC,NUC,NUC
877,RA18_YEAST,0.51,0.55,0.56,0.18,0.50,0.00,0.50,0.38,NUC,NUC,NUC
878,RAD2_YEAST,0.39,0.44,0.54,0.24,0.50,0.00,0.51,0.49,NUC,NUC,NUC
879,RA23_YEAST,0.43,0.48,0.53,0.18,0.50,0.00,0.46,0.22,NUC,CYT,CYT
880,RA26_YEAST,0.47,0.43,0.48,0.16,0.50,0.00,0.46,0.27,NUC,CYT,CYT
881,RAD3_YEAST,0.52,0.50,0.51,0.20,0.50,0.00,0.51,0.22,NUC,CYT,CYT
882,RAD4_YEAST,0.33,0.28,0.52,0.15,0.50,0.00,0.51,0.86,NUC,NUC,NUC
883,RAD5_YEAST,0.36,0.48,0.50,0.13,0.50,0.00,0.49,0.60,NUC,NUC,NUC
884,RA50_YEAST,0.45,0.54,0.49,0.29,0.50,0.00,0.49,0.25,NUC,NUC,NUC
885,RA51_YEAST,0.55,0.59,0.53,0.15,0.50,0.00,0.49,0.22,NUC,CYT,EXC
886,RA52_YEAST,0.31,0.39,0.55,0.28,0.50,0.00,0.46,0.31,NUC,NUC,NUC
887,RA54_YEAST,0.43,0.41,0.51,0.34,0.50,0.00,0.49,0.28,NUC,CYT,POX
888,RA55_YEAST,0.64,0.50,0.53,0.10,0.50,0.00,0.51,0.22,NUC,CYT,POX
889,RA57_YEAST,0.41,0.52,0.56,0.26,0.50,0.00,0.48,0.32,NUC,NUC,POX
890,UBC2_YEAST,0.48,0.47,0.59,0.41,0.50,0.00,0.56,0.27,NUC,MIT,MIT
891,RAD7_YEAST,0.49,0.49,0.51,0.29,0.50,0.00,0.52,0.71,NUC,NUC,NUC
892,RAD9_YEAST,0.41,0.52,0.51,0.22,0.50,0.00,0.52,0.44,NUC,NUC,NUC
893,SRS2_YEAST,0.51,0.61,0.50,0.23,0.50,0.00,0.52,0.61,NUC,NUC,NUC
894,RAM1_YEAST,0.59,0.47,0.51,0.53,0.50,0.00,0.53,0.26,CYT,MIT,MIT
895,RAM2_YEAST,0.40,0.60,0.50,0.16,0.50,0.00,0.51,0.22,CYT,CYT,CYT
896,RAP1_YEAST,0.54,0.53,0.53,0.17,0.50,0.00,0.51,0.39,NUC,NUC,NUC
897,RAS1_YEAST,0.61,0.46,0.54,0.11,0.50,0.00,0.47,0.22,CYT,NUC,NUC
898,RAS2_YEAST,0.66,0.55,0.54,0.18,0.50,0.00,0.43,0.22,CYT,CYT,VAC
899,RAT1_YEAST,0.53,0.46,0.54,0.37,0.50,0.00,0.51,0.30,NUC,MIT,MIT
900,RCA1_YEAST,0.41,0.41,0.43,0.61,0.50,0.00,0.53,0.22,MIT,MIT,MIT
901,REB1_YEAST,0.58,0.31,0.60,0.12,0.50,0.00,0.47,0.33,NUC,NUC,NUC
902,R102_YEAST,0.49,0.67,0.50,0.28,0.50,0.00,0.43,0.22,NUC,MIT,EXC
903,R104_YEAST,0.44,0.33,0.55,0.16,0.50,0.00,0.49,0.22,NUC,NUC,VAC
904,R114_YEAST,0.44,0.45,0.53,0.19,0.50,0.00,0.41,0.28,NUC,NUC,NUC
905,RED1_YEAST,0.57,0.55,0.52,0.16,0.50,0.00,0.49,0.39,NUC,NUC,NUC
906,RER1_YEAST,0.45,0.66,0.39,0.11,0.50,0.00,0.54,0.22,ME3,ME3,ME3
907,DPOX_YEAST,0.32,0.49,0.53,0.28,0.50,0.00,0.50,0.50,NUC,NUC,NUC
908,RFA1_YEAST,0.35,0.42,0.56,0.28,0.50,0.00,0.47,0.22,NUC,NUC,NUC
909,RFA2_YEAST,0.46,0.41,0.58,0.10,0.50,0.00,0.48,0.22,NUC,CYT,CYT
910,RFA3_YEAST,0.57,0.51,0.58,0.22,0.50,0.00,0.51,0.22,NUC,CYT,CYT
911,RFC2_YEAST,0.47,0.47,0.54,0.19,0.50,0.00,0.51,0.33,NUC,CYT,CYT
912,RFC3_YEAST,0.34,0.58,0.50,0.26,0.50,0.00,0.51,0.22,NUC,CYT,CYT
913,RFC4_YEAST,0.55,0.45,0.58,0.25,0.50,0.00,0.49,0.22,NUC,CYT,NUC
914,RFT1_YEAST,0.40,0.66,0.34,0.21,0.50,0.00,0.52,0.26,NUC,ME3,ME3
915,RGM1_YEAST,0.42,0.21,0.59,0.30,0.50,0.00,0.47,0.27,NUC,NUC,NUC
916,RHO1_YEAST,0.60,0.48,0.46,0.32,0.50,0.00,0.40,0.33,CYT,NUC,VAC
917,RHO2_YEAST,0.64,0.44,0.51,0.35,0.50,0.00,0.53,0.22,CYT,CYT,MIT
918,RIF1_YEAST,0.35,0.40,0.44,0.25,0.50,0.00,0.53,0.57,NUC,NUC,NUC
919,RIM1_YEAST,0.55,0.38,0.64,0.42,0.50,0.00,0.47,0.22,MIT,MIT,MIT
920,RIM2_YEAST,0.45,0.43,0.50,0.25,0.50,0.00,0.47,0.22,MIT,CYT,CYT
921,UCRI_YEAST,0.47,0.53,0.48,0.51,0.50,0.00,0.54,0.22,MIT,MIT,MIT
922,RME1_YEAST,0.45,0.49,0.57,0.25,0.50,0.00,0.48,0.22,NUC,CYT,POX
923,RNA1_YEAST,0.45,0.52,0.50,0.12,0.50,0.00,0.60,0.22,CYT,CYT,CYT
924,RN12_YEAST,0.56,0.51,0.32,0.49,0.50,0.00,0.48,0.22,NUC,MIT,MIT
925,RN14_YEAST,0.37,0.58,0.50,0.22,0.50,0.00,0.47,0.22,NUC,NUC,NUC
926,RN15_YEAST,0.47,0.45,0.51,0.33,0.50,0.00,0.46,0.26,NUC,MIT,EXC
927,ROX1_YEAST,0.50,0.36,0.64,0.37,0.50,0.00,0.37,0.33,NUC,NUC,NUC
928,ROX3_YEAST,0.43,0.44,0.64,0.19,0.50,0.00,0.38,0.33,NUC,NUC,EXC
929,RS3A_YEAST,0.38,0.40,0.59,0.25,0.50,0.00,0.44,0.22,CYT,NUC,NUC
930,RS3B_YEAST,0.39,0.39,0.59,0.25,0.50,0.00,0.45,0.22,CYT,CYT,NUC
931,R13A_YEAST,0.54,0.55,0.56,0.14,0.50,0.00,0.50,0.25,CYT,NUC,NUC
932,RL18_YEAST,0.45,0.50,0.57,0.29,0.50,0.00,0.44,0.11,CYT,CYT,CYT
933,RL18_YEAST,0.45,0.50,0.57,0.29,0.50,0.00,0.44,0.11,CYT,CYT,CYT
934,RS24_YEAST,0.61,0.38,0.57,0.36,0.50,0.00,0.44,0.21,CYT,CYT,CYT
935,RS24_YEAST,0.61,0.38,0.57,0.36,0.50,0.00,0.44,0.21,CYT,CYT,CYT
936,R17A_YEAST,0.43,0.33,0.54,0.37,0.50,0.00,0.38,0.16,CYT,NUC,NUC
937,R17B_YEAST,0.43,0.33,0.54,0.37,0.50,0.00,0.38,0.16,CYT,NUC,NUC
938,R61A_YEAST,0.51,0.39,0.58,0.19,0.50,0.00,0.47,0.22,CYT,CYT,CYT
939,RPA9_YEAST,0.72,0.51,0.52,0.08,0.50,0.00,0.54,0.22,NUC,CYT,ME2
940,RPA2_YEAST,0.35,0.41,0.53,0.27,0.50,0.00,0.47,0.29,NUC,NUC,NUC
941,RPA1_YEAST,0.56,0.49,0.54,0.15,0.50,0.00,0.50,0.35,NUC,NUC,NUC
942,RPA3_YEAST,0.57,0.37,0.43,0.27,0.50,0.00,0.53,0.28,NUC,CYT,ME3
943,RPBX_YEAST,0.57,0.49,0.61,0.26,0.50,0.00,0.52,0.22,NUC,NUC,NUC
944,RPBY_YEAST,0.48,0.45,0.63,0.19,0.50,0.00,0.58,0.22,NUC,CYT,CYT
945,RPB2_YEAST,0.34,0.48,0.47,0.19,0.50,0.00,0.50,0.30,NUC,NUC,ME2
946,RPB3_YEAST,0.54,0.57,0.55,0.18,0.50,0.00,0.50,0.22,NUC,CYT,CYT
947,RPB4_YEAST,0.38,0.44,0.55,0.44,0.50,0.00,0.47,0.51,NUC,NUC,NUC
948,RPB5_YEAST,0.40,0.30,0.57,0.13,0.50,0.00,0.46,0.22,NUC,NUC,VAC
949,RPB6_YEAST,0.27,0.31,0.55,0.13,0.50,0.00,0.50,0.22,NUC,CYT,CYT
950,RPB7_YEAST,0.52,0.46,0.56,0.25,0.50,0.00,0.52,0.22,NUC,CYT,CYT
951,RPB8_YEAST,0.44,0.50,0.55,0.24,0.50,0.00,0.48,0.22,NUC,CYT,POX
952,RPB9_YEAST,0.34,0.47,0.48,0.32,0.50,0.00,0.42,0.22,NUC,CYT,NUC
953,RPCX_YEAST,0.50,0.56,0.63,0.25,0.50,0.00,0.42,0.22,NUC,NUC,POX
954,RPC2_YEAST,0.46,0.53,0.47,0.37,0.50,0.00,0.51,0.36,NUC,NUC,VAC
955,RPC9_YEAST,0.31,0.60,0.65,0.18,0.50,0.00,0.46,0.22,NUC,CYT,CYT
956,RPC8_YEAST,0.57,0.42,0.63,0.22,0.50,0.00,0.68,0.32,NUC,CYT,NUC
957,RPC6_YEAST,0.37,0.45,0.53,0.14,0.50,0.00,0.49,0.22,NUC,CYT,CYT
958,RPC5_YEAST,0.38,0.38,0.54,0.24,0.50,0.00,0.54,0.22,NUC,CYT,VAC
959,RPC4_YEAST,0.36,0.49,0.55,0.21,0.50,0.00,0.55,0.33,NUC,CYT,CYT
960,RPC3_YEAST,0.29,0.40,0.50,0.16,0.50,0.00,0.51,0.34,NUC,NUC,ME2
961,RPD3_YEAST,0.37,0.30,0.51,0.15,0.50,0.00,0.58,0.26,NUC,NUC,VAC
962,RL1_YEAST,0.35,0.33,0.48,0.42,0.50,0.00,0.47,0.43,CYT,CYT,ME3
963,RL15_YEAST,0.46,0.35,0.69,0.18,0.50,0.00,0.30,0.25,CYT,CYT,CYT
964,RL15_YEAST,0.46,0.35,0.69,0.18,0.50,0.00,0.30,0.25,CYT,CYT,CYT
965,R14A_YEAST,0.57,0.43,0.52,0.30,0.50,0.00,0.37,0.11,CYT,CYT,CYT
966,R14B_YEAST,0.57,0.43,0.52,0.30,0.50,0.00,0.37,0.11,CYT,CYT,CYT
967,RL12_YEAST,0.59,0.51,0.48,0.12,0.50,0.00,0.54,0.31,CYT,CYT,CYT
968,RL12_YEAST,0.59,0.51,0.48,0.12,0.50,0.00,0.54,0.31,CYT,CYT,CYT
969,RL16_YEAST,0.61,0.53,0.59,0.17,0.50,0.00,0.44,0.28,CYT,CYT,NUC
970,RL1A_YEAST,0.61,0.48,0.56,0.19,0.50,0.00,0.53,0.31,CYT,CYT,CYT
971,RL1A_YEAST,0.61,0.48,0.56,0.19,0.50,0.00,0.53,0.31,CYT,CYT,CYT
972,R16A_YEAST,0.44,0.56,0.52,0.18,0.50,0.00,0.50,0.11,CYT,CYT,CYT
973,R16B_YEAST,0.36,0.56,0.52,0.18,0.50,0.00,0.45,0.16,CYT,CYT,VAC
974,RL17_YEAST,0.37,0.44,0.64,0.48,0.50,0.00,0.36,0.27,CYT,CYT,MIT
975,RL19_YEAST,0.72,0.37,0.63,0.38,0.50,0.00,0.40,0.14,CYT,CYT,CYT
976,RL19_YEAST,0.72,0.37,0.63,0.38,0.50,0.00,0.40,0.14,CYT,CYT,CYT
977,RL25_YEAST,0.44,0.36,0.64,0.45,0.50,0.00,0.53,0.11,CYT,MIT,MIT
978,RL27_YEAST,0.58,0.45,0.55,0.27,0.50,0.00,0.48,0.11,CYT,CYT,CYT
979,RL2_YEAST,0.63,0.64,0.45,0.26,0.50,0.00,0.43,0.22,CYT,CYT,CYT
980,RL2_YEAST,0.63,0.64,0.45,0.26,0.50,0.00,0.43,0.22,CYT,CYT,CYT
981,RL3A_YEAST,0.43,0.33,0.67,0.12,0.50,0.00,0.45,0.23,CYT,NUC,MIT
982,RL3B_YEAST,0.43,0.33,0.67,0.12,0.50,0.00,0.43,0.23,CYT,NUC,NUC
983,RL3E_YEAST,0.58,0.44,0.50,0.26,0.50,0.00,0.52,0.22,CYT,CYT,CYT
984,RL34_YEAST,0.38,0.43,0.53,0.22,0.50,0.00,0.48,0.11,CYT,CYT,CYT
985,R37A_YEAST,0.40,0.45,0.61,0.29,0.50,0.00,0.44,0.22,CYT,CYT,CYT
986,R37B_YEAST,0.40,0.45,0.61,0.29,0.50,0.00,0.44,0.22,CYT,CYT,CYT
987,RL44_YEAST,0.34,0.34,0.65,0.40,0.50,0.00,0.32,0.16,CYT,CYT,CYT
988,RL44_YEAST,0.34,0.34,0.65,0.40,0.50,0.00,0.32,0.16,CYT,CYT,CYT
989,RL46_YEAST,0.43,0.22,0.79,0.79,0.50,0.00,0.22,0.00,CYT,CYT,CYT
990,RL41_YEAST,0.35,0.21,1.00,0.80,0.50,0.00,0.13,0.01,CYT,CYT,CYT
991,RL41_YEAST,0.35,0.21,1.00,0.80,0.50,0.00,0.13,0.01,CYT,CYT,CYT
992,RL4A_YEAST,0.56,0.35,0.47,0.41,0.50,0.00,0.50,0.22,CYT,CYT,POX
993,RL4B_YEAST,0.56,0.35,0.47,0.35,0.50,0.00,0.52,0.22,CYT,CYT,POX
994,RL6_YEAST,0.54,0.44,0.55,0.48,0.50,0.00,0.47,0.22,CYT,MIT,MIT
995,RL71_YEAST,0.35,0.39,0.56,0.20,0.50,0.00,0.49,0.41,CYT,NUC,VAC
996,RL9_YEAST,0.48,0.46,0.58,0.16,0.50,0.00,0.45,0.22,CYT,CYT,POX
997,RLA0_YEAST,0.48,0.55,0.48,0.10,0.50,0.00,0.55,0.22,CYT,CYT,CYT
998,RLA1_YEAST,0.66,0.60,0.52,0.19,0.50,0.00,0.69,0.22,CYT,CYT,VAC
999,RLA2_YEAST,0.69,0.54,0.55,0.23,0.50,0.00,0.73,0.22,CYT,CYT,VAC
1000,RLA3_YEAST,0.73,0.60,0.47,0.20,0.50,0.00,0.72,0.22,CYT,CYT,VAC
1001,RLA4_YEAST,0.78,0.82,0.56,0.21,0.50,0.00,0.69,0.22,CYT,EXC,EXC
1002,RPM2_YEAST,0.42,0.49,0.49,0.36,0.50,0.00,0.57,0.26,MIT,CYT,VAC
1003,RPB1_YEAST,0.44,0.62,0.53,0.27,0.50,0.00,0.49,0.22,NUC,MIT,EXC
1004,RPC1_YEAST,0.56,0.61,0.52,0.19,0.50,0.00,0.52,0.32,NUC,CYT,NUC
1005,RPOM_YEAST,0.47,0.56,0.46,0.50,0.50,0.00,0.51,0.22,MIT,MIT,MIT
1006,RS6_YEAST,0.46,0.33,0.45,0.22,0.50,0.00,0.41,0.37,CYT,NUC,ME3
1007,R19A_YEAST,0.52,0.43,0.61,0.22,0.50,0.00,0.45,0.22,CYT,CYT,EXC
1008,R19B_YEAST,0.52,0.43,0.61,0.22,0.50,0.00,0.45,0.22,CYT,CYT,EXC
1009,RS41_YEAST,0.32,0.44,0.54,0.21,0.50,0.00,0.40,0.19,CYT,CYT,CYT
1010,RS41_YEAST,0.32,0.44,0.54,0.21,0.50,0.00,0.40,0.19,CYT,CYT,CYT
1011,RS15_YEAST,0.48,0.41,0.52,0.33,0.50,0.00,0.51,0.26,CYT,CYT,EXC
1012,RS22_YEAST,0.46,0.39,0.54,0.22,0.50,0.00,0.48,0.25,CYT,CYT,CYT
1013,RS22_YEAST,0.46,0.39,0.54,0.22,0.50,0.00,0.48,0.25,CYT,CYT,CYT
1014,RS21_YEAST,0.42,0.50,0.64,0.13,0.50,0.00,0.49,0.22,CYT,CYT,CYT
1015,R26A_YEAST,0.46,0.54,0.59,0.41,0.50,0.00,0.53,0.21,CYT,MIT,MIT
1016,R26B_YEAST,0.46,0.54,0.59,0.41,0.50,0.00,0.53,0.21,CYT,MIT,MIT
1017,R271_YEAST,0.39,0.65,0.57,0.19,0.50,0.00,0.44,0.25,CYT,CYT,EXC
1018,R272_YEAST,0.39,0.65,0.57,0.19,0.50,0.00,0.43,0.25,CYT,CYT,CYT
1019,RS28_YEAST,0.38,0.50,0.52,0.44,0.50,0.00,0.54,0.11,CYT,CYT,CYT
1020,RS28_YEAST,0.38,0.50,0.52,0.44,0.50,0.00,0.54,0.11,CYT,CYT,CYT
1021,RS3_YEAST,0.51,0.52,0.58,0.17,0.50,0.00,0.47,0.28,CYT,NUC,NUC
1022,RS31_YEAST,0.57,0.48,0.54,0.22,0.50,0.00,0.50,0.11,CYT,CYT,CYT
1023,RS33_YEAST,0.50,0.50,0.62,0.23,0.50,0.00,0.35,0.11,CYT,CYT,CYT
1024,RS37_YEAST,0.41,0.49,0.65,0.28,0.50,0.00,0.59,0.57,CYT,NUC,NUC
1025,RS4E_YEAST,0.53,0.57,0.60,0.36,0.50,0.00,0.50,0.22,CYT,CYT,CYT
1026,RS4E_YEAST,0.53,0.57,0.60,0.36,0.50,0.00,0.50,0.22,CYT,CYT,CYT
1027,RS8_YEAST,0.37,0.30,0.62,0.43,0.50,0.00,0.44,0.39,CYT,CYT,CYT
1028,RS8_YEAST,0.37,0.30,0.62,0.43,0.50,0.00,0.44,0.39,CYT,CYT,CYT
1029,RRN6_YEAST,0.60,0.57,0.52,0.14,0.50,0.00,0.46,0.48,NUC,NUC,NUC
1030,RRN7_YEAST,0.42,0.38,0.52,0.29,0.50,0.00,0.42,0.22,NUC,CYT,EXC
1031,RTG1_YEAST,0.41,0.46,0.58,0.08,0.50,0.00,0.51,0.28,NUC,CYT,CYT
1032,R161_YEAST,0.49,0.40,0.58,0.23,0.50,0.00,0.47,0.27,CYT,CYT,CYT
1033,R167_YEAST,0.37,0.37,0.51,0.38,0.50,0.00,0.44,0.22,CYT,NUC,POX
1034,RSD1_YEAST,0.57,0.50,0.40,0.08,0.50,0.00,0.47,0.22,ME3,NUC,ME3
1035,FIMB_YEAST,0.51,0.40,0.50,0.28,0.50,0.00,0.48,0.27,CYT,CYT,EXC
1036,SAC7_YEAST,0.34,0.25,0.55,0.28,0.50,0.00,0.51,0.49,CYT,NUC,NUC
1037,SAG1_YEAST,0.77,0.86,0.44,0.27,0.50,0.00,0.48,0.22,ME1,EXC,EXC
1038,SAR1_YEAST,0.59,0.54,0.53,0.14,0.50,0.00,0.48,0.22,CYT,CYT,POX
1039,SC25_YEAST,0.50,0.48,0.48,0.23,0.50,0.00,0.53,0.68,CYT,NUC,NUC
1040,SCJ1_YEAST,0.39,1.00,0.38,0.41,0.50,0.00,0.50,0.27,MIT,ME3,ME2
1041,PRCI_YEAST,0.56,0.42,0.52,0.14,0.50,0.00,0.51,0.22,CYT,CYT,NUC
1042,TAT2_YEAST,0.39,0.46,0.33,0.18,0.50,0.00,0.53,0.22,ME3,ME3,ME3
1043,SCO1_YEAST,0.52,0.54,0.47,0.49,0.50,0.00,0.54,0.22,MIT,MIT,MIT
1044,S160_YEAST,0.46,0.49,0.55,0.18,0.50,0.00,0.56,0.22,NUC,CYT,CYT
1045,DHSA_YEAST,0.56,0.65,0.49,0.56,0.50,0.00,0.49,0.22,MIT,MIT,MIT
1046,DHSB_YEAST,0.53,0.51,0.55,0.57,0.50,0.00,0.46,0.22,MIT,MIT,MIT
1047,SDH3_YEAST,0.54,0.64,0.40,0.56,0.50,0.00,0.51,0.22,MIT,MIT,ME2
1048,SDH4_YEAST,0.47,0.58,0.47,0.52,0.50,0.00,0.54,0.22,MIT,MIT,MIT
1049,SDHL_YEAST,0.46,0.42,0.51,0.16,0.50,0.00,0.56,0.22,CYT,CYT,CYT
1050,SEC1_YEAST,0.60,0.51,0.49,0.18,0.50,0.00,0.53,0.38,CYT,CYT,NUC
1051,SC11_YEAST,0.85,0.66,0.49,0.18,0.50,0.00,0.51,0.22,ME1,EXC,EXC
1052,SC12_YEAST,0.55,0.52,0.44,0.20,0.50,0.00,0.56,0.22,ME2,CYT,POX
1053,SC13_YEAST,0.49,0.38,0.56,0.09,0.50,0.00,0.46,0.22,CYT,CYT,NUC
1054,SC14_YEAST,0.38,0.40,0.53,0.12,0.50,0.00,0.55,0.22,CYT,CYT,VAC
1055,SC15_YEAST,0.55,0.55,0.52,0.13,0.50,0.00,0.53,0.25,CYT,CYT,CYT
1056,SC17_YEAST,0.46,0.44,0.58,0.17,0.50,0.00,0.55,0.22,CYT,CYT,POX
1057,SC18_YEAST,0.34,0.46,0.52,0.19,0.50,0.00,0.53,0.26,CYT,CYT,VAC
1058,SEC2_YEAST,0.58,0.56,0.46,0.14,0.50,0.00,0.51,0.22,CYT,CYT,ME2
1059,SC20_YEAST,0.46,0.47,0.44,0.18,1.00,0.00,0.46,0.22,ME2,CYT,ERL
1060,SC21_YEAST,0.44,0.71,0.50,0.21,0.50,0.00,0.54,0.27,CYT,NUC,MIT
1061,SC22_YEAST,0.56,0.49,0.32,0.22,0.50,0.00,0.50,0.22,ME2,ME3,VAC
1062,SC23_YEAST,0.41,0.49,0.47,0.09,0.50,0.00,0.49,0.22,CYT,CYT,CYT
1063,SEC4_YEAST,0.44,0.51,0.53,0.30,0.50,0.00,0.53,0.22,CYT,NUC,NUC
1064,PMM_YEAST,0.54,0.51,0.56,0.15,0.50,0.00,0.54,0.31,CYT,CYT,CYT
1065,SC59_YEAST,0.51,0.51,0.32,0.27,0.50,0.00,0.54,0.22,ME3,ME3,ME3
1066,SEC6_YEAST,0.46,0.38,0.51,0.20,0.50,0.00,0.51,0.22,CYT,CYT,CYT
1067,S61A_YEAST,0.55,0.72,0.35,0.26,0.50,0.00,0.49,0.22,ME3,ME3,ME1
1068,SC62_YEAST,0.54,0.44,0.35,0.19,0.50,0.00,0.51,0.27,ME3,ME3,ME2
1069,NPL1_YEAST,0.65,0.66,0.37,0.12,0.50,0.00,0.52,0.27,ME3,CYT,ME1
1070,SC65_YEAST,0.41,0.40,0.56,0.17,0.50,0.00,0.56,0.22,CYT,CYT,VAC
1071,SC66_YEAST,0.39,0.71,0.38,0.14,0.50,0.00,0.50,0.22,ME2,ME3,ME3
1072,SEC7_YEAST,0.37,0.42,0.46,0.15,0.50,0.00,0.51,0.31,ME2,NUC,NUC
1073,SC72_YEAST,0.59,0.55,0.57,0.18,0.50,0.00,0.51,0.22,CYT,CYT,CYT
1074,SEC8_YEAST,0.48,0.51,0.50,0.24,0.50,0.00,0.54,0.38,CYT,NUC,NUC
1075,SEC9_YEAST,0.39,0.30,0.63,0.20,0.50,0.00,0.43,0.47,CYT,NUC,NUC
1076,TRAM_YEAST,0.47,0.52,0.54,0.25,0.50,0.00,0.54,0.29,MIT,CYT,CYT
1077,SED1_YEAST,0.77,0.82,0.40,0.36,0.50,0.00,0.38,0.22,ME1,EXC,EXC
1078,SED4_YEAST,0.52,0.55,0.39,0.09,1.00,0.00,0.55,0.25,ME3,CYT,ERL
1079,SED5_YEAST,0.42,0.28,0.33,0.23,0.50,0.00,0.39,0.26,ME3,ME3,ME3
1080,SEN1_YEAST,0.47,0.37,0.46,0.28,0.50,0.00,0.52,0.99,NUC,NUC,NUC
1081,SEN2_YEAST,0.48,0.50,0.47,0.29,0.50,0.00,0.46,0.27,NUC,CYT,VAC
1082,SYSC_YEAST,0.30,0.33,0.55,0.12,0.50,0.00,0.53,0.38,CYT,NUC,NUC
1083,SFL1_YEAST,0.49,0.49,0.52,0.18,0.50,0.00,0.51,0.25,NUC,CYT,CYT
1084,SFP1_YEAST,0.54,0.59,0.57,0.34,0.50,0.00,0.49,0.22,NUC,MIT,MIT
1085,AMYG_YEAST,0.70,0.78,0.53,0.24,0.50,0.00,0.48,0.22,VAC,EXC,EXC
1086,SGE1_YEAST,0.85,0.69,0.34,0.31,0.50,0.00,0.57,0.30,ME1,ME1,ME1
1087,SHM1_YEAST,0.56,0.59,0.45,0.15,0.50,0.00,0.54,0.22,MIT,CYT,ME2
1088,GLYM_YEAST,0.47,0.56,0.53,0.44,0.50,0.00,0.53,0.22,MIT,MIT,MIT
1089,GLYC_YEAST,0.53,0.49,0.47,0.21,0.50,0.00,0.53,0.22,CYT,NUC,VAC
1090,SHR3_YEAST,0.70,0.57,0.34,0.19,0.50,0.00,0.53,0.27,ME2,ME2,ME2
1091,SIC1_YEAST,0.42,0.43,0.67,0.70,0.50,0.00,0.42,0.25,CYT,MIT,MIT
1092,NOT4_YEAST,0.47,0.44,0.53,0.18,0.50,0.00,0.47,0.29,NUC,CYT,NUC
1093,SIN3_YEAST,0.40,0.49,0.53,0.23,0.50,0.00,0.44,0.26,NUC,CYT,NUC
1094,SIN4_YEAST,0.45,0.65,0.51,0.17,0.50,0.00,0.49,0.22,NUC,CYT,EXC
1095,SIP2_YEAST,0.42,0.42,0.55,0.31,0.50,0.00,0.43,0.22,NUC,CYT,CYT
1096,SIR1_YEAST,0.45,0.41,0.53,0.49,0.50,0.00,0.49,0.31,NUC,MIT,MIT
1097,SIR2_YEAST,0.42,0.28,0.49,0.22,0.50,0.00,0.55,0.34,NUC,NUC,VAC
1098,SIR3_YEAST,0.47,0.50,0.47,0.22,0.50,0.00,0.53,0.45,NUC,NUC,NUC
1099,SIR4_YEAST,0.33,0.42,0.55,0.23,0.50,0.00,0.52,0.43,NUC,NUC,NUC
1100,SIS1_YEAST,0.56,0.55,0.57,0.15,0.50,0.00,0.54,0.25,CYT,CYT,CYT
1101,SIS2_YEAST,0.37,0.47,0.49,0.12,0.50,0.00,0.47,0.31,NUC,NUC,ME2
1102,SKI3_YEAST,0.32,0.60,0.48,0.13,0.50,0.00,0.53,0.22,NUC,CYT,CYT
1103,SKN1_YEAST,0.38,0.42,0.31,0.35,0.50,0.00,0.52,0.22,ME3,ME3,ME3
1104,SKN7_YEAST,0.46,0.56,0.56,0.25,0.50,0.00,0.43,0.22,NUC,CYT,NUC
1105,SKO1_YEAST,0.47,0.55,0.57,0.17,0.50,0.00,0.52,0.66,NUC,NUC,NUC
1106,SLA1_YEAST,0.37,0.55,0.52,0.13,0.50,0.00,0.42,0.80,CYT,NUC,NUC
1107,SLA2_YEAST,0.46,0.48,0.38,0.22,0.50,0.00,0.39,0.45,ME3,NUC,VAC
1108,PLSC_YEAST,0.80,0.69,0.53,0.33,0.50,0.00,0.51,0.22,ME2,EXC,EXC
1109,SLN1_YEAST,0.52,0.65,0.36,0.37,0.50,0.00,0.52,0.34,ME3,ME3,ME3
1110,SLU7_YEAST,0.19,0.16,0.68,0.36,0.50,0.00,0.49,0.21,NUC,NUC,NUC
1111,SLY1_YEAST,0.64,0.31,0.53,0.15,0.50,0.00,0.53,0.31,CYT,NUC,VAC
1112,SLY4_YEAST,0.40,0.43,0.36,0.33,0.50,0.00,0.51,0.22,ME3,ME3,ME3
1113,SMC1_YEAST,0.47,0.56,0.51,0.20,0.50,0.00,0.52,0.59,NUC,NUC,NUC
1114,SMC2_YEAST,0.40,0.75,0.44,0.12,0.50,0.00,0.49,0.22,NUC,ME3,ME3
1115,SMD1_YEAST,0.48,0.55,0.58,0.18,0.50,0.00,0.38,0.69,NUC,NUC,NUC
1116,SMF1_YEAST,0.57,0.51,0.34,0.13,0.50,0.00,0.53,0.27,MIT,ME3,VAC
1117,SMF2_YEAST,0.23,0.37,0.32,0.13,0.50,0.00,0.53,0.22,MIT,ME3,ME3
1118,SMY1_YEAST,0.54,0.50,0.51,0.26,0.50,0.00,0.52,0.22,CYT,CYT,CYT
1119,SMY2_YEAST,0.60,0.64,0.56,0.36,0.50,0.00,0.46,0.27,CYT,MIT,EXC
1120,SNC1_YEAST,0.27,0.41,0.24,0.20,0.50,0.00,0.49,0.22,ME3,ME3,ME3
1121,SNC2_YEAST,0.25,0.35,0.22,0.18,0.50,0.00,0.46,0.22,ME3,ME3,ME3
1122,SNF1_YEAST,0.39,0.45,0.51,0.29,0.50,0.00,0.54,0.22,CYT,CYT,CYT
1123,SNF2_YEAST,0.33,0.47,0.55,0.24,0.50,0.00,0.45,0.67,NUC,NUC,NUC
1124,SNF3_YEAST,0.37,0.40,0.38,0.18,0.50,0.00,0.51,0.22,ME3,ME3,ME3
1125,SNF4_YEAST,0.43,0.47,0.47,0.18,0.50,0.00,0.47,0.22,CYT,CYT,CYT
1126,SNF5_YEAST,0.66,0.43,0.57,0.60,0.50,0.00,0.19,0.33,NUC,MIT,MIT
1127,SNF6_YEAST,0.55,0.40,0.62,0.22,0.50,0.00,0.37,0.28,NUC,CYT,EXC
1128,RU17_YEAST,0.33,0.46,0.60,0.18,0.50,0.00,0.51,0.26,NUC,CYT,CYT
1129,SNP2_YEAST,0.51,0.50,0.54,0.11,0.50,0.00,0.60,0.22,NUC,CYT,POX
1130,YBC6_YEAST,0.54,0.60,0.57,0.17,0.50,0.00,0.44,0.22,NUC,CYT,NUC
1131,SNQ2_YEAST,0.45,0.57,0.38,0.28,0.50,0.00,0.53,0.31,ME3,ME3,ME3
1132,SODC_YEAST,0.55,0.57,0.51,0.07,0.50,0.00,0.55,0.22,CYT,CYT,VAC
1133,SODM_YEAST,0.54,0.47,0.58,0.40,0.50,0.00,0.46,0.27,MIT,MIT,MIT
1134,SOF1_YEAST,0.36,0.32,0.55,0.27,0.50,0.00,0.47,0.43,NUC,NUC,NUC
1135,SOK1_YEAST,0.46,0.41,0.45,0.23,0.50,0.00,0.48,0.22,NUC,ME3,ME3
1136,SON1_YEAST,0.40,0.39,0.60,0.23,0.50,0.00,0.52,0.31,NUC,NUC,NUC
1137,RL35_YEAST,0.52,0.47,0.58,0.18,0.50,0.00,0.34,0.11,CYT,CYT,CYT
1138,RL35_YEAST,0.52,0.47,0.58,0.18,0.50,0.00,0.34,0.11,CYT,CYT,CYT
1139,SPA2_YEAST,0.50,0.45,0.51,0.19,0.50,0.00,0.53,0.25,CYT,CYT,CYT
1140,SPB4_YEAST,0.57,0.55,0.51,0.18,0.50,0.00,0.51,0.43,NUC,NUC,NUC
1141,SPK1_YEAST,0.44,0.43,0.46,0.28,0.50,0.00,0.45,0.29,NUC,NUC,NUC
1142,SP11_YEAST,0.46,0.50,0.50,0.28,0.50,0.00,0.50,0.37,NUC,CYT,NUC
1143,SPR1_YEAST,0.66,0.65,0.54,0.40,0.50,0.00,0.51,0.22,EXC,MIT,EXC
1144,SS10_YEAST,0.77,0.73,0.49,0.46,0.50,0.00,0.38,0.22,EXC,EXC,EXC
1145,SX18_YEAST,0.38,0.58,0.46,0.21,0.50,0.00,0.52,0.22,NUC,NUC,ME3
1146,SX19_YEAST,0.32,0.68,0.51,0.16,0.50,0.83,0.55,0.22,POX,POX,POX
1147,SP10_YEAST,0.27,0.46,0.52,0.17,0.50,0.00,0.49,0.44,NUC,NUC,NUC
1148,SP14_YEAST,0.52,0.45,0.45,0.13,0.50,0.00,0.48,0.22,NUC,CYT,POX
1149,TF2D_YEAST,0.37,0.29,0.45,0.15,0.50,0.00,0.49,0.22,NUC,NUC,ME2
1150,SPT2_YEAST,0.37,0.48,0.67,0.37,0.50,0.00,0.56,0.62,NUC,NUC,NUC
1151,SP21_YEAST,0.44,0.59,0.54,0.18,0.50,0.00,0.49,0.22,NUC,CYT,CYT
1152,SP23_YEAST,0.48,0.65,0.36,0.24,0.50,0.00,0.54,0.31,NUC,ME3,ME3
1153,SPT3_YEAST,0.59,0.49,0.45,0.22,0.50,0.00,0.45,0.31,NUC,CYT,CYT
1154,SPT4_YEAST,0.73,0.52,0.59,0.25,0.50,0.00,0.51,0.22,NUC,CYT,VAC
1155,SPT5_YEAST,0.50,0.43,0.50,0.17,0.50,0.00,0.46,0.47,NUC,NUC,NUC
1156,SPT6_YEAST,0.23,0.13,0.51,0.16,0.50,0.00,0.53,0.51,NUC,CYT,CYT
1157,SPT7_YEAST,0.49,0.60,0.54,0.35,0.50,0.00,0.53,0.46,NUC,NUC,NUC
1158,SPT8_YEAST,0.52,0.31,0.56,0.16,0.50,0.00,0.55,0.22,NUC,NUC,VAC
1159,SRB2_YEAST,0.49,0.48,0.51,0.21,0.50,0.00,0.53,0.22,NUC,CYT,VAC
1160,SRB4_YEAST,0.49,0.60,0.42,0.18,0.50,0.00,0.58,0.28,NUC,ME3,ME3
1161,SRB5_YEAST,0.60,0.62,0.54,0.11,0.50,0.00,0.51,0.22,NUC,CYT,VAC
1162,SRB6_YEAST,0.55,0.47,0.53,0.20,0.50,0.00,0.40,0.22,NUC,CYT,CYT
1163,SCA1_YEAST,0.47,0.32,0.51,0.24,0.50,0.00,0.54,0.27,NUC,CYT,CYT
1164,SRD1_YEAST,0.53,0.25,0.59,0.27,0.50,0.00,0.45,0.26,NUC,NUC,NUC
1165,RCC_YEAST,0.31,0.50,0.54,0.32,0.50,0.00,0.53,0.31,NUC,NUC,NUC
1166,SRPI_YEAST,0.25,0.33,0.48,0.18,0.50,0.00,0.42,0.33,NUC,NUC,NUC
1167,SRPR_YEAST,0.55,0.46,0.47,0.15,0.50,0.00,0.47,0.22,ME3,CYT,NUC
1168,SR14_YEAST,0.61,0.50,0.61,0.21,0.50,0.00,0.55,0.54,CYT,CYT,NUC
1169,SR54_YEAST,0.50,0.52,0.51,0.22,0.50,0.00,0.46,0.37,CYT,NUC,NUC
1170,SR68_YEAST,0.62,0.33,0.49,0.24,0.50,0.00,0.51,0.42,CYT,CYT,CYT
1171,SR72_YEAST,0.56,0.52,0.46,0.17,0.50,0.00,0.49,0.73,CYT,NUC,NUC
1172,CAP_YEAST,0.52,0.56,0.55,0.16,0.50,0.00,0.53,0.39,CYT,NUC,NUC
1173,HS71_YEAST,0.53,0.48,0.51,0.18,0.50,0.00,0.52,0.27,CYT,CYT,CYT
1174,HS72_YEAST,0.51,0.48,0.51,0.19,0.50,0.00,0.51,0.27,CYT,CYT,CYT
1175,HS73_YEAST,0.51,0.48,0.51,0.26,0.50,0.00,0.51,0.27,CYT,CYT,NUC
1176,HS74_YEAST,0.53,0.48,0.51,0.18,0.50,0.00,0.51,0.27,CYT,CYT,CYT
1177,HS75_YEAST,0.60,0.46,0.51,0.10,0.50,0.00,0.48,0.31,CYT,CYT,CYT
1178,HS76_YEAST,0.60,0.46,0.51,0.10,0.50,0.00,0.48,0.31,CYT,CYT,CYT
1179,SSB1_YEAST,0.44,0.39,0.63,0.11,0.50,0.00,0.49,0.26,NUC,NUC,NUC
1180,HS77_YEAST,0.51,0.50,0.49,0.45,0.50,0.00,0.48,0.22,MIT,MIT,MIT
1181,SSD1_YEAST,0.45,0.45,0.51,0.30,0.50,0.00,0.48,0.44,CYT,NUC,NUC
1182,RA25_YEAST,0.38,0.42,0.47,0.12,0.50,0.00,0.47,0.53,NUC,NUC,NUC
1183,SSN6_YEAST,0.19,0.66,0.60,0.14,0.50,0.00,0.20,0.25,NUC,NUC,NUC
1184,SSO1_YEAST,0.41,0.42,0.23,0.16,0.50,0.00,0.40,0.22,ME3,ME3,VAC
1185,SSO2_YEAST,0.25,0.42,0.21,0.14,0.50,0.00,0.41,0.22,ME3,ME3,ME3
1186,S120_YEAST,0.70,0.58,0.53,0.39,0.50,0.00,0.59,0.22,EXC,MIT,VAC
1187,S61G_YEAST,0.49,0.31,0.43,0.24,0.50,0.00,0.54,0.22,ME3,CYT,VAC
1188,SST2_YEAST,0.46,0.41,0.43,0.18,0.50,0.00,0.54,0.22,ME3,CYT,POX
1189,AMYH_YEAST,0.83,0.81,0.45,0.38,0.50,0.00,0.40,0.26,EXC,EXC,EXC
1190,ST12_YEAST,0.38,0.51,0.56,0.21,0.50,0.00,0.48,0.31,NUC,NUC,NUC
1191,DAP1_YEAST,0.32,0.36,0.28,0.38,0.50,0.00,0.50,0.40,ME3,ME3,ME3
1192,ST14_YEAST,0.40,0.65,0.38,0.17,0.50,0.00,0.57,0.22,ME3,ME3,ME3
1193,GBG_YEAST,0.36,0.37,0.63,0.25,0.50,0.00,0.30,0.22,CYT,CYT,CYT
1194,STE2_YEAST,0.49,0.55,0.41,0.19,0.50,0.00,0.48,0.31,ME3,ME3,ME3
1195,ST20_YEAST,0.30,0.45,0.55,0.19,0.50,0.00,0.53,0.40,CYT,NUC,NUC
1196,STE3_YEAST,0.88,0.72,0.32,0.30,0.50,0.00,0.52,0.33,ME1,ME1,ME1
1197,GBB_YEAST,0.44,0.40,0.53,0.19,0.50,0.00,0.48,0.27,CYT,CYT,NUC
1198,STE5_YEAST,0.45,0.57,0.52,0.21,0.50,0.00,0.54,0.38,NUC,NUC,NUC
1199,STE6_YEAST,0.46,0.61,0.38,0.35,0.50,0.00,0.49,0.22,ME3,ME3,ME3
1200,STF1_YEAST,0.55,0.41,0.67,0.61,0.50,0.00,0.49,0.14,MIT,MIT,MIT
1201,STF2_YEAST,0.28,0.18,0.72,0.26,0.50,0.00,0.49,0.25,MIT,NUC,NUC
1202,STH1_YEAST,0.66,0.65,0.53,0.17,0.50,0.00,0.47,0.66,NUC,NUC,NUC
1203,STL1_YEAST,0.36,0.50,0.39,0.23,0.50,0.00,0.50,0.22,ME3,ME3,ME3
1204,STP1_YEAST,0.48,0.54,0.56,0.29,0.50,0.00,0.51,0.43,NUC,NUC,NUC
1205,STU1_YEAST,0.33,0.37,0.49,0.22,0.50,0.00,0.55,0.22,CYT,NUC,ME2
1206,STV1_YEAST,0.58,0.43,0.32,0.11,0.50,0.00,0.49,0.22,VAC,ME3,ME2
1207,TF2B_YEAST,0.58,0.64,0.42,0.30,0.50,0.00,0.54,0.22,NUC,CYT,ME3
1208,INV1_YEAST,0.74,0.82,0.46,0.24,0.50,0.00,0.50,0.31,EXC,EXC,EXC
1209,INV2_YEAST,0.74,0.82,0.46,0.24,0.50,0.00,0.48,0.22,EXC,EXC,EXC
1210,INV4_YEAST,0.75,0.76,0.58,0.22,0.50,0.00,0.49,0.22,EXC,EXC,EXC
1211,SUG1_YEAST,0.58,0.37,0.58,0.16,0.50,0.00,0.51,0.22,NUC,CYT,CYT
1212,SUI1_YEAST,0.39,0.39,0.65,0.16,0.50,0.00,0.45,0.22,CYT,CYT,CYT
1213,IF2A_YEAST,0.51,0.59,0.55,0.21,0.50,0.00,0.52,0.22,CYT,NUC,EXC
1214,IF2B_YEAST,0.41,0.35,0.60,0.22,0.50,0.00,0.56,0.79,CYT,NUC,NUC
1215,SUL1_YEAST,0.43,0.28,0.41,0.32,0.50,0.00,0.52,0.22,ME3,NUC,ME3
1216,SUP1_YEAST,0.41,0.49,0.55,0.13,0.50,0.00,0.55,0.22,CYT,CYT,CYT
1217,SUP2_YEAST,0.23,0.29,0.46,0.00,0.50,0.00,0.43,0.31,CYT,NUC,NUC
1218,RS4_YEAST,0.25,0.48,0.45,0.32,0.50,0.00,0.40,0.22,CYT,NUC,NUC
1219,RS11_YEAST,0.38,0.34,0.55,0.44,0.50,0.00,0.48,0.26,CYT,NUC,MIT
1220,SUV3_YEAST,0.61,0.54,0.54,0.38,0.50,0.00,0.54,0.29,MIT,MIT,MIT
1221,ADR6_YEAST,0.48,0.17,0.37,0.33,0.50,0.00,0.44,0.36,NUC,ME3,ME3
1222,SWI3_YEAST,0.47,0.47,0.50,0.19,0.50,0.00,0.51,0.26,NUC,CYT,CYT
1223,SWI4_YEAST,0.55,0.38,0.52,0.16,0.50,0.00,0.49,0.64,NUC,NUC,NUC
1224,SWI5_YEAST,0.41,0.39,0.61,0.17,0.50,0.00,0.50,0.61,NUC,NUC,NUC
1225,SWI6_YEAST,0.41,0.56,0.53,0.16,0.50,0.00,0.55,0.26,NUC,CYT,CYT
1226,OSTD_YEAST,0.78,0.73,0.27,0.28,0.50,0.00,0.56,0.22,ME1,ME1,ME1
1227,SYG1_YEAST,0.31,0.51,0.38,0.18,0.50,0.00,0.46,0.31,ME3,ME3,ME3
1228,TAL1_YEAST,0.63,0.64,0.49,0.20,0.50,0.00,0.52,0.25,CYT,CYT,VAC
1229,VAL1_YEAST,0.31,0.40,0.31,0.17,0.50,0.00,0.52,0.22,ME3,ME3,ME3
1230,TBF1_YEAST,0.44,0.65,0.49,0.16,0.50,0.00,0.48,0.31,NUC,CYT,ME3
1231,RL3_YEAST,0.48,0.44,0.46,0.37,0.50,0.00,0.46,0.36,CYT,NUC,VAC
1232,TCPA_YEAST,0.50,0.49,0.46,0.22,0.50,0.00,0.53,0.25,CYT,CYT,POX
1233,TCPE_YEAST,0.62,0.42,0.47,0.16,0.50,0.00,0.52,0.22,CYT,NUC,VAC
1234,TCPB_YEAST,0.50,0.45,0.52,0.18,0.50,0.00,0.52,0.22,CYT,CYT,CYT
1235,TCPG_YEAST,0.59,0.51,0.47,0.21,0.50,0.00,0.47,0.22,CYT,NUC,NUC
1236,TCPD_YEAST,0.39,0.47,0.49,0.20,0.50,0.00,0.53,0.26,CYT,CYT,CYT
1237,TCPZ_YEAST,0.49,0.48,0.52,0.24,0.50,0.00,0.50,0.22,CYT,CYT,CYT
1238,G3P1_YEAST,0.59,0.48,0.49,0.42,0.50,0.00,0.52,0.22,CYT,MIT,MIT
1239,G3P2_YEAST,0.57,0.35,0.50,0.43,0.50,0.00,0.53,0.22,CYT,CYT,MIT
1240,G3P3_YEAST,0.61,0.52,0.50,0.44,0.50,0.00,0.53,0.22,CYT,MIT,MIT
1241,TF3B_YEAST,0.49,0.51,0.52,0.13,0.50,0.00,0.51,0.33,NUC,CYT,NUC
1242,TEC1_YEAST,0.45,0.40,0.56,0.15,0.50,0.00,0.52,0.22,NUC,CYT,VAC
1243,EF1A_YEAST,0.63,0.43,0.48,0.11,0.50,0.00,0.51,0.22,CYT,CYT,CYT
1244,EF1A_YEAST,0.63,0.43,0.48,0.11,0.50,0.00,0.51,0.22,CYT,CYT,CYT
1245,EF1G_YEAST,0.52,0.45,0.53,0.34,0.50,0.00,0.52,0.44,CYT,NUC,NUC
1246,EF1H_YEAST,0.54,0.48,0.55,0.33,0.50,0.00,0.55,0.40,CYT,NUC,NUC
1247,T2EA_YEAST,0.55,0.79,0.45,0.25,0.50,0.00,0.51,0.22,NUC,CYT,EXC
1248,YK42_YEAST,0.58,0.51,0.63,0.20,0.50,0.00,0.50,0.42,NUC,NUC,NUC
1249,TFB1_YEAST,0.63,0.58,0.57,0.10,0.50,0.00,0.52,0.33,NUC,CYT,VAC
1250,TFC1_YEAST,0.54,0.67,0.56,0.15,0.50,0.00,0.57,0.33,NUC,CYT,NUC
1251,TF3A_YEAST,0.41,0.59,0.65,0.14,0.50,0.00,0.49,0.33,NUC,NUC,VAC
1252,TFC3_YEAST,0.47,0.38,0.50,0.15,0.50,0.00,0.49,0.47,NUC,NUC,NUC
1253,TFC4_YEAST,0.33,0.17,0.52,0.13,0.50,0.00,0.51,0.75,NUC,NUC,NUC
1254,DKA1_YEAST,0.42,0.50,0.59,0.17,0.50,0.00,0.51,0.22,CYT,CYT,CYT
1255,THRC_YEAST,0.54,0.55,0.55,0.40,0.50,0.00,0.53,0.22,CYT,MIT,MIT
1256,SYTC_YEAST,0.31,0.31,0.57,0.15,0.50,0.00,0.50,0.22,CYT,NUC,NUC
1257,IF4A_YEAST,0.38,0.42,0.50,0.19,0.50,0.00,0.44,0.22,CYT,CYT,CYT
1258,IF1A_YEAST,0.33,0.36,0.62,0.26,0.50,0.00,0.55,0.22,CYT,NUC,NUC
1259,IF4A_YEAST,0.38,0.42,0.50,0.19,0.50,0.00,0.44,0.22,CYT,CYT,CYT
1260,TIF3_YEAST,0.47,0.56,0.58,0.19,0.50,0.00,0.44,0.64,CYT,NUC,NUC
1261,IF41_YEAST,0.32,0.32,0.52,0.18,0.50,0.00,0.48,0.34,CYT,NUC,VAC
1262,IF42_YEAST,0.28,0.27,0.50,0.14,0.50,0.00,0.50,0.28,CYT,CYT,CYT
1263,IF5_YEAST,0.41,0.46,0.57,0.25,0.50,0.00,0.57,0.38,CYT,NUC,NUC
1264,IF52_YEAST,0.44,0.54,0.51,0.16,0.50,0.00,0.58,0.22,CYT,CYT,CYT
1265,IF51_YEAST,0.44,0.55,0.51,0.16,0.50,0.00,0.60,0.22,CYT,CYT,CYT
1266,TIP1_YEAST,0.77,0.70,0.44,0.29,0.50,0.00,0.56,0.22,ME1,ME1,ME1
1267,TP20_YEAST,0.40,0.56,0.53,0.15,0.50,0.00,0.49,0.22,CYT,CYT,CYT
1268,SRP1_YEAST,0.79,0.79,0.42,0.26,0.50,0.00,0.60,0.22,ME1,ME1,ME1
1269,SRP2_YEAST,0.80,0.83,0.43,0.24,0.50,0.00,0.54,0.22,ME1,ME1,ME1
1270,TKT1_YEAST,0.58,0.55,0.51,0.13,0.50,0.00,0.52,0.22,CYT,CYT,CYT
1271,TKT2_YEAST,0.55,0.69,0.51,0.12,0.50,0.00,0.51,0.22,CYT,MIT,EXC
1272,TYSY_YEAST,0.47,0.46,0.53,0.12,0.50,0.00,0.51,0.25,NUC,CYT,CYT
1273,TOA1_YEAST,0.57,0.29,0.63,0.22,0.50,0.00,0.49,0.27,NUC,NUC,NUC
1274,TOA2_YEAST,0.52,0.49,0.59,0.21,0.50,0.00,0.47,0.22,NUC,CYT,POX
1275,TOP1_YEAST,0.41,0.42,0.53,0.17,0.50,0.00,0.48,0.58,NUC,NUC,NUC
1276,TOP2_YEAST,0.45,0.36,0.50,0.19,0.50,0.00,0.53,0.70,NUC,NUC,NUC
1277,TOP3_YEAST,0.53,0.51,0.54,0.21,0.50,0.00,0.45,0.22,NUC,NUC,POX
1278,TOR2_YEAST,0.49,0.50,0.42,0.43,0.50,0.00,0.50,0.36,VAC,MIT,MIT
1279,TPIS_YEAST,0.44,0.49,0.49,0.27,0.50,0.00,0.52,0.22,CYT,CYT,VAC
1280,KAPA_YEAST,0.25,0.26,0.53,0.17,0.50,0.00,0.45,0.22,CYT,NUC,NUC
1281,KAPB_YEAST,0.49,0.46,0.54,0.18,0.50,0.00,0.35,0.22,CYT,CYT,CYT
1282,KAPC_YEAST,0.42,0.37,0.54,0.17,0.50,0.00,0.51,0.22,CYT,NUC,VAC
1283,TPM1_YEAST,0.42,0.45,0.75,0.21,0.50,0.00,0.48,0.22,CYT,CYT,CYT
1284,TPM2_YEAST,0.39,0.45,0.75,0.17,0.50,0.00,0.51,0.22,CYT,CYT,CYT
1285,TPS1_YEAST,0.63,0.54,0.53,0.27,0.50,0.00,0.49,0.22,CYT,CYT,VAC
1286,TPS2_YEAST,0.54,0.43,0.48,0.27,0.50,0.00,0.44,0.41,CYT,CYT,NUC
1287,TPS3_YEAST,0.40,0.44,0.50,0.13,0.50,0.00,0.52,0.39,CYT,NUC,ME2
1288,TRK1_YEAST,0.55,0.39,0.39,0.47,0.50,0.00,0.50,0.83,ME3,NUC,NUC
1289,TRK2_YEAST,0.59,0.48,0.41,0.53,0.50,0.00,0.48,0.56,ME3,NUC,MIT
1290,TRNL_YEAST,0.49,0.38,0.49,0.15,0.50,0.00,0.53,0.25,NUC,CYT,CYT
1291,TRM1_YEAST,0.53,0.45,0.52,0.29,0.50,0.00,0.55,0.38,MIT,CYT,CYT
1292,TRPF_YEAST,0.62,0.60,0.54,0.22,0.50,0.00,0.54,0.27,CYT,CYT,VAC
1293,TRPE_YEAST,0.33,0.46,0.53,0.12,0.50,0.00,0.50,0.27,CYT,NUC,NUC
1294,TRPG_YEAST,0.57,0.36,0.51,0.25,0.50,0.00,0.54,0.25,CYT,CYT,VAC
1295,TRPD_YEAST,0.45,0.76,0.51,0.25,0.50,0.00,0.59,0.22,CYT,NUC,MIT
1296,TRP_YEAST,0.48,0.44,0.51,0.24,0.50,0.00,0.49,0.22,CYT,CYT,EXC
1297,TSA_YEAST,0.59,0.64,0.44,0.26,0.50,0.00,0.50,0.22,CYT,CYT,ME2
1298,TSL1_YEAST,0.79,0.56,0.53,0.19,0.50,0.00,0.47,0.35,CYT,CYT,ME2
1299,TSM1_YEAST,0.50,0.50,0.48,0.34,0.50,0.00,0.52,0.27,NUC,CYT,CYT
1300,TTP1_YEAST,0.79,0.62,0.35,0.35,0.50,0.00,0.60,0.28,ME2,ME2,ME2
1301,GLRX_YEAST,0.52,0.50,0.60,0.20,0.50,0.00,0.52,0.22,CYT,NUC,NUC
1302,TBA1_YEAST,0.59,0.46,0.57,0.17,0.50,0.00,0.52,0.22,CYT,CYT,MIT
1303,TBB_YEAST,0.53,0.42,0.53,0.19,0.50,0.00,0.47,0.22,CYT,CYT,CYT
1304,TBA3_YEAST,0.59,0.46,0.55,0.17,0.50,0.00,0.52,0.25,CYT,CYT,VAC
1305,EFTU_YEAST,0.61,0.73,0.50,0.58,0.50,0.00,0.50,0.22,MIT,MIT,MIT
1306,TUP1_YEAST,0.50,0.43,0.56,0.17,0.50,0.00,0.35,0.22,NUC,CYT,EXC
1307,TYE7_YEAST,0.36,0.52,0.61,0.33,0.50,0.00,0.52,0.37,NUC,NUC,NUC
1308,TYR1_YEAST,0.66,0.54,0.53,0.17,0.50,0.00,0.54,0.22,CYT,CYT,VAC
1309,UBA1_YEAST,0.52,0.51,0.48,0.12,0.50,0.00,0.54,0.31,CYT,CYT,CYT
1310,UBC1_YEAST,0.56,0.46,0.51,0.25,0.50,0.00,0.54,0.22,CYT,CYT,VAC
1311,UBC4_YEAST,0.47,0.46,0.49,0.27,0.50,0.00,0.59,0.22,CYT,CYT,VAC
1312,UBC5_YEAST,0.50,0.46,0.49,0.27,0.50,0.00,0.60,0.22,CYT,CYT,VAC
1313,UBC6_YEAST,0.43,0.48,0.36,0.26,0.50,0.00,0.52,0.22,ME3,ME3,ME3
1314,UBC7_YEAST,0.50,0.44,0.57,0.28,0.50,0.00,0.57,0.22,CYT,CYT,POX
1315,UBIQ_YEAST,0.46,0.47,0.62,0.30,0.50,0.00,0.38,0.22,CYT,NUC,EXC
1316,UBP1_YEAST,0.59,0.70,0.46,0.19,0.50,0.00,0.54,0.44,CYT,CYT,NUC
1317,UBP2_YEAST,0.19,0.41,0.55,0.13,0.50,0.00,0.52,0.25,CYT,CYT,CYT
1318,UBP3_YEAST,0.27,0.43,0.50,0.13,0.50,0.00,0.54,0.31,CYT,NUC,ME2
1319,UBR1_YEAST,0.42,0.46,0.44,0.17,0.50,0.00,0.51,0.42,CYT,NUC,NUC
1320,UGA3_YEAST,0.49,0.36,0.47,0.28,0.50,0.00,0.56,0.54,NUC,NUC,NUC
1321,UGA4_YEAST,0.42,0.51,0.33,0.16,0.50,0.00,0.54,0.22,ME3,ME3,ME3
1322,UME5_YEAST,0.34,0.42,0.48,0.19,0.50,0.00,0.46,0.31,NUC,NUC,ME2
1323,UME6_YEAST,0.60,0.57,0.63,0.22,0.50,0.00,0.50,0.49,NUC,NUC,NUC
1324,UNG_YEAST,0.53,0.44,0.54,0.52,0.50,0.00,0.49,0.38,NUC,NUC,MIT
1325,PYRD_YEAST,0.48,0.39,0.56,0.23,0.50,0.00,0.60,0.22,CYT,CYT,POX
1326,PYR1_YEAST,0.56,0.49,0.47,0.13,0.50,0.00,0.52,0.22,NUC,CYT,VAC
1327,UMPK_YEAST,0.47,0.59,0.56,0.09,0.50,0.00,0.50,0.22,CYT,CYT,VAC
1328,RL21_YEAST,0.40,0.28,0.58,0.44,0.50,0.00,0.41,0.22,CYT,CYT,CYT
1329,RSU2_YEAST,0.54,0.35,0.55,0.19,0.50,0.00,0.30,0.22,CYT,CYT,CYT
1330,USO1_YEAST,0.50,0.47,0.45,0.14,0.50,0.00,0.53,0.32,ME3,CYT,CYT
1331,YEU2_YEAST,0.55,0.49,0.60,0.18,0.50,0.00,0.51,0.22,NUC,CYT,NUC
1332,VAC1_YEAST,0.55,0.44,0.50,0.09,0.50,0.00,0.55,0.22,VAC,CYT,VAC
1333,RMAR_YEAST,0.66,0.37,0.60,0.25,0.50,0.00,0.69,0.22,MIT,CYT,CYT
1334,SYV_YEAST,0.51,0.49,0.48,0.55,0.50,0.00,0.52,0.58,CYT,MIT,MIT
1335,VATA_YEAST,0.36,0.51,0.51,0.17,0.50,0.00,0.52,0.22,VAC,CYT,CYT
1336,VM11_YEAST,0.68,0.68,0.35,0.16,0.50,0.00,0.62,0.22,VAC,ME1,ME1
1337,VATB_YEAST,0.44,0.35,0.55,0.14,0.50,0.00,0.52,0.22,VAC,CYT,VAC
1338,VATL_YEAST,0.73,0.59,0.35,0.15,0.50,0.00,0.54,0.22,VAC,ME2,ME2
1339,VATE_YEAST,0.60,0.37,0.52,0.15,0.50,0.00,0.55,0.26,VAC,CYT,CYT
1340,VATC_YEAST,0.64,0.61,0.56,0.15,0.50,0.00,0.54,0.22,VAC,CYT,MIT
1341,VATX_YEAST,0.48,0.58,0.58,0.12,0.50,0.00,0.49,0.22,VAC,CYT,CYT
1342,VATF_YEAST,0.65,0.58,0.53,0.21,0.50,0.00,0.51,0.22,VAC,CYT,CYT
1343,VATD_YEAST,0.48,0.49,0.49,0.26,0.50,0.00,0.39,0.27,VAC,NUC,NUC
1344,VPH1_YEAST,0.57,0.54,0.32,0.15,0.50,0.00,0.52,0.25,VAC,ME3,ME3
1345,VM12_YEAST,0.40,0.36,0.32,0.16,0.50,0.00,0.51,0.27,VAC,ME3,ME3
1346,VPS1_YEAST,0.50,0.55,0.52,0.16,0.50,0.00,0.51,0.31,CYT,CYT,NUC
1347,VP15_YEAST,0.65,0.63,0.47,0.22,0.50,0.00,0.52,0.27,CYT,CYT,VAC
1348,VP16_YEAST,0.41,0.48,0.51,0.20,0.50,0.00,0.51,0.22,CYT,CYT,VAC
1349,VP17_YEAST,0.25,0.40,0.54,0.16,0.50,0.00,0.43,0.22,CYT,CYT,CYT
1350,YP51_YEAST,0.63,0.56,0.52,0.21,0.50,0.00,0.50,0.22,CYT,CYT,VAC
1351,SLP1_YEAST,0.56,0.68,0.42,0.36,0.50,0.00,0.49,0.22,CYT,CYT,ME3
1352,VP34_YEAST,0.57,0.47,0.48,0.17,0.50,0.00,0.52,0.26,VAC,CYT,CYT
1353,VP45_YEAST,0.46,0.52,0.51,0.13,0.50,0.00,0.47,0.22,CYT,CYT,POX
1354,VRP1_YEAST,0.50,0.40,0.57,0.17,0.50,0.00,0.59,0.22,CYT,CYT,CYT
1355,OSTB_YEAST,0.78,0.71,0.35,0.25,0.50,0.00,0.49,0.22,ME1,ME1,ME1
1356,XRS2_YEAST,0.64,0.56,0.52,0.17,0.50,0.00,0.54,0.47,NUC,CYT,NUC
1357,YAA7_YEAST,1.00,0.80,0.29,0.36,0.50,0.00,0.52,0.22,ME1,ME1,ME1
1358,YAB1_YEAST,0.51,0.39,0.56,0.55,0.50,0.00,0.46,0.64,MIT,NUC,MIT
1359,YAB8_YEAST,0.69,0.66,0.36,0.09,0.50,0.00,0.56,0.22,ME1,ME2,VAC
1360,YAB9_YEAST,0.40,0.45,0.45,0.15,0.50,0.00,0.53,0.48,NUC,NUC,NUC
1361,YAC2_YEAST,0.49,0.53,0.36,0.15,0.50,0.00,0.52,0.27,ME3,ME3,ME3
1362,YAE2_YEAST,0.39,0.63,0.41,0.27,0.50,0.00,0.49,0.22,ME3,ME3,ME3
1363,YAF1_YEAST,0.45,0.51,0.43,0.22,0.50,0.00,0.57,0.22,NUC,ME3,POX
1364,YAF3_YEAST,0.77,0.78,0.27,0.37,0.50,0.00,0.49,0.22,ME1,ME1,ME1
1365,YAG3_YEAST,0.88,0.75,0.41,0.36,0.50,0.00,0.43,0.22,ME2,ME1,EXC
1366,YAG7_YEAST,0.49,0.49,0.40,0.20,0.50,0.00,0.48,0.26,ME3,ME3,ME3
1367,PDR4_YEAST,0.57,0.53,0.60,0.28,0.50,0.00,0.52,0.45,NUC,NUC,NUC
1368,AP17_YEAST,0.53,0.52,0.49,0.27,0.50,0.00,0.51,0.22,CYT,CYT,CYT
1369,AP19_YEAST,0.50,0.47,0.56,0.31,0.50,0.00,0.56,0.26,CYT,CYT,NUC
1370,YAP3_YEAST,0.71,0.79,0.41,0.38,0.50,0.00,0.54,0.22,ME1,ME1,ME1
1371,AP54_YEAST,0.33,0.49,0.46,0.22,0.50,0.00,0.53,0.33,ME3,NUC,NUC
1372,ADB1_YEAST,0.47,0.41,0.46,0.18,0.50,0.00,0.53,0.22,ME3,CYT,CYT
1373,CACM_YEAST,0.45,0.39,0.46,0.29,0.50,0.00,0.42,0.22,MIT,NUC,POX
1374,FMT_YEAST,0.59,0.56,0.50,0.48,0.50,0.00,0.46,0.22,MIT,MIT,MIT
1375,YBC4_YEAST,0.32,0.30,0.57,0.38,0.50,0.00,0.50,0.25,NUC,CYT,CYT
1376,YBE2_YEAST,0.26,0.30,0.37,0.15,0.50,0.00,0.53,0.25,ME3,ME3,ME3
1377,YBG6_YEAST,0.28,0.41,0.46,0.18,0.50,0.00,0.47,0.39,NUC,NUC,ME2
1378,YBI8_YEAST,0.45,0.50,0.43,0.16,0.50,0.00,0.52,0.28,ME3,ME3,ME3
1379,RL3P_YEAST,0.24,0.25,0.57,0.28,0.50,0.00,0.51,0.11,CYT,NUC,NUC
1380,MRF1_YEAST,0.46,0.61,0.55,0.29,0.50,0.00,0.49,0.22,MIT,NUC,NUC
1381,YBT6_YEAST,0.54,0.44,0.38,0.22,0.50,0.00,0.54,0.30,ME3,ME3,ME3
1382,YBY2_YEAST,0.22,0.53,0.36,0.22,0.50,0.00,0.54,0.31,ME3,ME3,ME3
1383,YB00_YEAST,0.25,0.41,0.47,0.14,0.50,0.00,0.56,0.68,NUC,NUC,NUC
1384,YB30_YEAST,0.43,0.41,0.37,0.18,0.50,0.00,0.54,0.31,ME3,ME3,ME3
1385,YB32_YEAST,0.40,0.44,0.47,0.25,0.50,0.00,0.54,0.56,NUC,NUC,NUC
1386,YB33_YEAST,0.46,0.59,0.38,0.12,0.50,0.00,0.50,0.22,ME3,ME3,ME3
1387,YB37_YEAST,0.80,0.82,0.40,0.31,0.50,0.00,0.57,0.25,ME1,ME1,ME1
1388,YB48_YEAST,0.29,0.39,0.46,0.36,0.50,0.00,0.51,0.22,NUC,CYT,POX
1389,YB54_YEAST,0.40,0.40,0.43,0.19,0.50,0.83,0.48,0.22,POX,POX,POX
1390,YB72_YEAST,0.57,0.52,0.46,0.20,0.50,0.83,0.52,0.41,POX,POX,POX
1391,YB91_YEAST,0.43,0.60,0.40,0.12,0.50,0.00,0.49,0.29,ME3,ME3,ME3
1392,YB8E_YEAST,0.56,0.71,0.47,0.21,0.50,0.00,0.52,0.22,MIT,CYT,ME2
1393,YB8G_YEAST,0.65,0.62,0.26,0.33,0.50,0.00,0.55,0.22,ME3,ME3,ME3
1394,YB8I_YEAST,0.77,0.70,0.37,0.12,0.50,0.00,0.49,0.26,ME1,ME1,ME1
1395,YCFI_YEAST,0.47,0.61,0.32,0.27,0.50,0.00,0.50,0.30,ME3,ME3,ME3
1396,YCK1_YEAST,0.71,0.51,0.49,0.23,0.50,0.00,0.30,0.32,ME2,NUC,NUC
1397,YCK2_YEAST,0.59,0.48,0.49,0.49,0.50,0.00,0.36,0.32,CYT,MIT,MIT
1398,YCA9_YEAST,0.58,0.63,0.52,0.70,0.50,0.00,0.46,0.22,MIT,MIT,MIT
1399,YCD8_YEAST,0.30,0.68,0.41,0.17,0.50,0.00,0.51,0.22,ME3,ME3,VAC
1400,YCG9_YEAST,0.74,0.73,0.32,0.20,0.50,0.00,0.55,0.22,ME1,ME1,ME1
1401,YCH0_YEAST,0.55,0.35,0.36,0.29,0.50,0.00,0.51,0.22,ME3,ME3,ME3
1402,YCQ0_YEAST,0.35,0.32,0.31,0.16,0.50,0.00,0.56,0.22,ME3,ME3,ME3
1403,YCQ7_YEAST,0.67,0.61,0.39,0.24,0.50,0.00,0.51,0.22,ME3,ME2,ME2
1404,YCR3_YEAST,0.69,0.57,0.39,0.19,0.50,0.00,0.48,0.39,ME2,NUC,ME2
1405,SYN_YEAST,0.47,0.41,0.53,0.27,0.50,0.00,0.47,0.25,MIT,CYT,EXC
1406,YCR8_YEAST,0.39,0.56,0.34,0.18,0.50,0.00,0.49,0.22,ME3,ME3,ME3
1407,YCS4_YEAST,0.51,0.38,0.42,0.21,0.50,0.00,0.46,0.34,ME3,CYT,ME3
1408,YCT8_YEAST,0.32,0.45,0.39,0.14,0.50,0.00,0.45,0.22,ME3,ME3,ME3
1409,YCV1_YEAST,0.75,0.73,0.35,0.33,0.50,0.00,0.49,0.28,ME1,ME1,ME1
1410,YCW2_YEAST,0.54,0.54,0.56,0.18,0.50,0.00,0.46,0.29,NUC,NUC,NUC
1411,YCX9_YEAST,0.71,0.64,0.42,0.28,0.50,0.00,0.43,0.22,EXC,CYT,ME1
1412,YCY8_YEAST,0.28,0.48,0.36,0.16,0.50,0.00,0.53,0.22,ME3,ME3,ME3
1413,YCZ6_YEAST,0.58,0.44,0.45,0.32,0.50,0.00,0.52,0.37,NUC,CYT,CYT
1414,YD66_YEAST,0.52,0.65,0.36,0.26,0.50,0.00,0.44,0.22,ME3,ME3,ME3
1415,MAS5_YEAST,0.64,0.44,0.56,0.15,0.50,0.00,0.56,0.22,CYT,CYT,MIT
1416,EF3_YEAST,0.48,0.58,0.47,0.17,0.50,0.00,0.53,0.74,CYT,NUC,NUC
1417,YEA6_YEAST,0.42,0.71,0.45,0.15,0.50,0.00,0.48,0.22,ME3,NUC,ME2
1418,YEP0_YEAST,0.38,0.37,0.36,0.14,0.50,0.00,0.54,0.22,ME3,ME3,ME3
1419,YE14_YEAST,0.40,0.40,0.44,0.37,0.50,0.00,0.53,0.25,NUC,NUC,POX
1420,YGL1_YEAST,0.38,0.56,0.38,0.16,0.50,0.00,0.53,0.22,ME3,ME3,ME3
1421,YGP1_YEAST,0.80,0.79,0.43,0.25,0.50,0.00,0.52,0.22,EXC,ME1,ME1
1422,YHA8_YEAST,0.63,0.65,0.42,0.18,0.50,0.00,0.54,0.27,ME3,CYT,ME3
1423,YHA9_YEAST,0.47,0.40,0.63,0.19,0.50,0.00,0.52,0.32,NUC,NUC,NUC
1424,YHB7_YEAST,0.83,0.94,0.32,0.21,0.50,0.00,0.51,0.22,ME1,ME1,ME1
1425,YHC6_YEAST,0.61,0.76,0.30,0.16,0.50,0.00,0.45,0.41,ME3,ME3,ME3
1426,RIMI_YEAST,0.33,0.38,0.47,0.14,0.50,0.00,0.51,0.47,NUC,NUC,NUC
1427,YHD5_YEAST,0.38,0.67,0.33,0.17,0.50,0.00,0.51,0.22,ME3,ME3,ME3
1428,YHE0_YEAST,0.39,0.33,0.33,0.23,0.50,0.00,0.47,0.22,ME3,ME3,ME3
1429,YHF0_YEAST,0.50,0.63,0.45,0.13,0.50,0.00,0.45,0.32,ME3,ME3,ME3
1430,YHG2_YEAST,0.20,0.60,0.50,0.29,0.50,0.00,0.51,0.22,ME3,CYT,CYT
1431,YHI7_YEAST,0.29,0.26,0.43,0.17,0.50,0.00,0.55,0.30,ME3,NUC,ME3
1432,YHJ2_YEAST,0.51,0.46,0.41,0.36,0.50,0.00,0.49,0.22,ME3,MIT,MIT
1433,YHK5_YEAST,0.92,0.66,0.52,0.23,0.50,0.00,0.53,0.22,ME1,ME2,ME2
1434,YHK8_YEAST,0.49,0.56,0.37,0.20,0.50,0.00,0.53,0.22,ME3,ME3,ME3
1435,YHN8_YEAST,0.86,0.78,0.34,0.15,0.50,0.00,0.53,0.22,ME2,ME1,ME1
1436,YHP0_YEAST,0.38,0.44,0.57,0.14,0.50,0.00,0.53,0.52,NUC,NUC,NUC
1437,YHQ1_YEAST,0.72,0.73,0.41,0.28,0.50,0.00,0.44,0.22,ME1,ME1,ME1
1438,YHR0_YEAST,0.80,0.73,0.47,0.19,0.50,0.00,0.49,0.22,ME1,EXC,EXC
1439,YHT3_YEAST,0.49,0.55,0.35,0.23,0.50,0.00,0.57,0.22,ME3,ME3,ME3
1440,YHU0_YEAST,0.63,0.71,0.44,0.53,0.50,0.00,0.52,0.22,ME2,MIT,POX
1441,YHU2_YEAST,0.60,0.68,0.30,0.27,0.50,0.00,0.55,0.22,ME3,MIT,ME1
1442,YHX8_YEAST,0.40,0.43,0.49,0.17,0.50,0.00,0.51,0.36,NUC,CYT,ME2
1443,YHY0_YEAST,0.82,0.63,0.47,0.18,0.50,0.00,0.50,0.22,POX,EXC,EXC
1444,YHY1_YEAST,0.77,0.68,0.35,0.19,0.50,0.00,0.53,0.43,ME1,ME1,ME1
1445,YIA6_YEAST,0.51,0.59,0.46,0.13,0.50,0.00,0.48,0.22,MIT,MIT,ME2
1446,YIB3_YEAST,0.52,0.46,0.34,0.20,0.50,0.00,0.51,0.25,ME3,ME3,ME3
1447,YIF2_YEAST,0.47,0.50,0.60,0.63,0.50,0.00,0.38,0.16,CYT,MIT,MIT
1448,YIG3_YEAST,0.34,0.24,0.51,0.15,0.50,0.00,0.54,0.40,NUC,NUC,NUC
1449,YIN0_YEAST,0.35,0.29,0.46,0.14,0.50,0.00,0.54,0.66,NUC,NUC,NUC
1450,YIN4_YEAST,0.58,0.67,0.49,0.16,0.50,0.00,0.47,0.28,MIT,CYT,EXC
1451,YIR3_YEAST,0.85,0.85,0.30,0.31,0.50,0.00,0.55,0.42,ME1,ME1,ME1
1452,YKJ5_YEAST,0.36,0.48,0.61,0.26,0.50,0.00,0.50,0.16,NUC,CYT,NUC
1453,YKA5_YEAST,0.41,0.25,0.59,0.44,0.50,0.00,0.60,0.69,NUC,NUC,NUC
1454,YKA8_YEAST,0.30,0.37,0.40,0.45,0.50,0.00,0.48,0.41,ME3,NUC,NUC
1455,MAOX_YEAST,0.57,0.59,0.49,0.86,0.50,0.00,0.47,0.22,NUC,MIT,MIT
1456,YKD8_YEAST,0.38,0.40,0.39,0.19,0.50,0.00,0.46,0.62,NUC,NUC,NUC
1457,YKE6_YEAST,0.77,0.74,0.37,0.29,0.50,0.00,0.45,0.22,ME1,ME1,ME1
1458,TCTP_YEAST,0.47,0.38,0.58,0.19,0.50,0.00,0.57,0.22,CYT,CYT,CYT
1459,PMT_YEAST,0.50,0.61,0.44,0.20,0.50,0.00,0.49,0.22,MIT,CYT,EXC
1460,YKM9_YEAST,0.41,0.45,0.46,0.23,0.50,0.00,0.50,0.70,CYT,NUC,NUC
1461,YKN4_YEAST,0.46,0.62,0.46,0.54,0.50,0.00,0.51,0.27,MIT,MIT,MIT
1462,YKS8_YEAST,0.74,0.75,0.45,0.44,0.50,0.00,0.52,0.22,POX,ME1,ME1
1463,ACP_YEAST,0.52,0.53,0.58,0.69,0.50,0.00,0.50,0.22,MIT,MIT,MIT
1464,YKW2_YEAST,0.41,0.47,0.50,0.14,0.50,0.00,0.53,0.37,NUC,CYT,CYT
1465,YKY8_YEAST,0.25,0.40,0.52,0.15,0.50,0.00,0.56,0.28,NUC,CYT,CYT
1466,YK44_YEAST,0.58,0.56,0.38,0.39,0.50,0.00,0.54,0.57,NUC,ME3,ME3
1467,YK68_YEAST,0.32,0.29,0.29,0.08,0.50,0.00,0.52,0.22,ME3,ME3,ME3
1468,RL13_YEAST,0.38,0.48,0.57,0.30,0.50,0.00,0.41,0.11,CYT,CYT,CYT
1469,YMC1_YEAST,0.39,0.58,0.47,0.18,0.50,0.00,0.48,0.22,MIT,CYT,CYT
1470,YMC2_YEAST,0.38,0.47,0.47,0.18,0.50,0.00,0.44,0.26,MIT,CYT,CYT
1471,YME1_YEAST,0.63,0.57,0.50,0.48,0.50,0.00,0.51,0.22,MIT,MIT,VAC
1472,RMR3_YEAST,0.51,0.45,0.62,0.25,0.50,0.00,0.59,0.22,MIT,CYT,POX
1473,YOX1_YEAST,0.59,0.67,0.54,0.19,0.50,0.00,0.48,0.60,NUC,NUC,NUC
1474,YPT1_YEAST,0.60,0.61,0.54,0.11,0.50,0.00,0.46,0.22,CYT,CYT,MIT
1475,YP52_YEAST,0.48,0.61,0.57,0.17,0.50,0.00,0.45,0.22,CYT,CYT,VAC
1476,YP53_YEAST,0.71,0.50,0.50,0.18,0.50,0.00,0.46,0.22,CYT,CYT,ME2
1477,YPT7_YEAST,0.61,0.48,0.54,0.25,0.50,0.00,0.50,0.22,CYT,CYT,CYT
1478,R29A_YEAST,0.38,0.32,0.64,0.41,0.50,0.00,0.44,0.11,CYT,CYT,CYT
1479,R29B_YEAST,0.38,0.40,0.66,0.35,0.50,0.00,0.43,0.11,CYT,CYT,CYT
1480,YUR1_YEAST,0.81,0.62,0.43,0.17,0.50,0.00,0.53,0.22,ME2,ME2,ME2
1481,ZIP1_YEAST,0.47,0.43,0.61,0.40,0.50,0.00,0.48,0.47,NUC,NUC,NUC
1482,ZNRP_YEAST,0.67,0.57,0.36,0.19,0.50,0.00,0.56,0.22,ME2,ME2,ME2
1483,ZUO1_YEAST,0.43,0.40,0.60,0.16,0.50,0.00,0.53,0.39,NUC,NUC,NUC
1484,G6PD_YEAST,0.65,0.54,0.54,0.13,0.50,0.00,0.53,0.22,CYT,CYT,VAC
